"state","path"
"identical_all",".agent/rules/backend-files.md"
"identical_all",".agent/rules/engineering-standards.md"
"candidate_change_rejected",".env.example"
"candidate_change_rejected",".env.local.example"
"candidate_new_not_adopted",".env.production.example"
"candidate_change_rejected",".env.staging.example"
"candidate_new_selectively_merged",".github/workflows/backend-ci.yml"
"candidate_change_rejected",".github/workflows/frontend-ci.yml"
"candidate_change_rejected",".gitignore"
"identical_all",".vercelignore"
"candidate_new_selectively_merged","backend/.env.production.example"
"identical_all","backend/.gitattributes"
"candidate_removal_rejected","backend/.github/workflows/backend-ci.yml"
"selectively_merged_or_diverged","backend/.gitignore"
"candidate_change_rejected","backend/.htaccess"
"candidate_change_rejected","backend/api/.htaccess"
"candidate_change_rejected","backend/api/admin/analytics_dashboard.php"
"candidate_change_rejected","backend/api/admin/analytics_finance.php"
"candidate_change_rejected","backend/api/admin/analytics_funnel.php"
"candidate_change_rejected","backend/api/admin/analytics_funnel_export.php"
"candidate_change_rejected","backend/api/admin/analytics_segments.php"
"candidate_change_rejected","backend/api/admin/analytics_segments_export.php"
"candidate_new_not_adopted","backend/api/admin/brand_asset_upload.php"
"candidate_change_rejected","backend/api/admin/cache.php"
"candidate_change_rejected","backend/api/admin/comments_moderation.php"
"candidate_change_rejected","backend/api/admin/comments_moderation_bulk.php"
"candidate_change_rejected","backend/api/admin/comments_moderation_export.php"
"candidate_change_rejected","backend/api/admin/feedback.php"
"candidate_change_rejected","backend/api/admin/list_tables.php"
"selectively_merged_or_diverged","backend/api/admin/logs.php"
"candidate_change_rejected","backend/api/admin/plans.php"
"candidate_change_rejected","backend/api/admin/report_actions.php"
"candidate_change_rejected","backend/api/admin/report_workbench.php"
"candidate_change_rejected","backend/api/admin/reset_db.php"
"candidate_change_rejected","backend/api/admin/security_ips.php"
"candidate_change_rejected","backend/api/admin/settings.php"
"candidate_change_rejected","backend/api/admin/stats.php"
"candidate_change_rejected","backend/api/admin/user_actions.php"
"candidate_change_rejected","backend/api/admin/user_details.php"
"candidate_change_rejected","backend/api/ai/generate.php"
"candidate_change_rejected","backend/api/analytics/track.php"
"candidate_change_rejected","backend/api/auth/admin-route-access.php"
"candidate_change_rejected","backend/api/auth/apple.php"
"candidate_change_rejected","backend/api/auth/confirm-email.php"
"candidate_change_rejected","backend/api/auth/enable_2fa.php"
"candidate_change_rejected","backend/api/auth/facebook.php"
"candidate_change_rejected","backend/api/auth/forgot-password.php"
"candidate_change_rejected","backend/api/auth/google.php"
"candidate_change_rejected","backend/api/auth/login.php"
"candidate_change_rejected","backend/api/auth/logout.php"
"identical_all","backend/api/auth/me.php"
"candidate_change_rejected","backend/api/auth/refresh.php"
"candidate_change_rejected","backend/api/auth/register.php"
"candidate_change_rejected","backend/api/auth/resend-confirmation.php"
"candidate_change_rejected","backend/api/auth/reset-password.php"
"candidate_change_rejected","backend/api/auth/setup_2fa.php"
"candidate_change_rejected","backend/api/auth/verify_2fa.php"
"candidate_change_rejected","backend/api/cache/manage.php"
"candidate_change_rejected","backend/api/changelog/list.php"
"candidate_change_rejected","backend/api/comments/handle.php"
"candidate_change_rejected","backend/api/comments/list.php"
"candidate_change_rejected","backend/api/comments/list_cached.php"
"candidate_change_rejected","backend/api/exams/delete.php"
"candidate_change_rejected","backend/api/exams/extraction_review.php"
"candidate_change_rejected","backend/api/exams/extraction_show.php"
"candidate_change_rejected","backend/api/exams/extraction_start.php"
"candidate_change_rejected","backend/api/exams/file_delete.php"
"candidate_change_rejected","backend/api/exams/file_upload.php"
"candidate_change_rejected","backend/api/exams/files.php"
"candidate_change_rejected","backend/api/exams/list.php"
"candidate_change_rejected","backend/api/exams/save.php"
"candidate_change_rejected","backend/api/exams/show.php"
"candidate_change_rejected","backend/api/feedback/create.php"
"candidate_change_rejected","backend/api/feedback/list.php"
"candidate_change_rejected","backend/api/feedback/testimonials.php"
"candidate_change_rejected","backend/api/feedback/vote.php"
"candidate_change_rejected","backend/api/filters/delete.php"
"candidate_change_rejected","backend/api/filters/list.php"
"candidate_change_rejected","backend/api/filters/save.php"
"current_changed_candidate_removed","backend/api/internal/questions/ingest.php"
"candidate_change_rejected","backend/api/legal-commentary/admin/batch-retry.php"
"candidate_change_rejected","backend/api/legal-commentary/admin/batch-start.php"
"candidate_change_rejected","backend/api/legal-commentary/admin/batch-status.php"
"candidate_change_rejected","backend/api/legal-commentary/admin/batch-stop.php"
"candidate_change_rejected","backend/api/legal-commentary/admin/catalog.php"
"candidate_change_rejected","backend/api/legal-commentary/admin/delete.php"
"candidate_change_rejected","backend/api/legal-commentary/admin/detail.php"
"candidate_change_rejected","backend/api/legal-commentary/admin/generate.php"
"candidate_change_rejected","backend/api/legal-commentary/admin/import.php"
"candidate_change_rejected","backend/api/legal-commentary/admin/list.php"
"candidate_change_rejected","backend/api/legal-commentary/admin/save.php"
"candidate_change_rejected","backend/api/legal-commentary/admin/sync.php"
"candidate_change_rejected","backend/api/legal-commentary/admin/sync-all.php"
"candidate_change_rejected","backend/api/legal-commentary/admin/updates.php"
"candidate_change_rejected","backend/api/legal-commentary/comment.php"
"candidate_change_rejected","backend/api/legal-commentary/cron_sync_updates.php"
"candidate_change_rejected","backend/api/legal-commentary/detail.php"
"candidate_change_rejected","backend/api/legal-commentary/favorite.php"
"candidate_change_rejected","backend/api/legal-commentary/list.php"
"candidate_removal_rejected","backend/api/legal-commentary/notes.php"
"candidate_change_rejected","backend/api/legal-commentary/progress.php"
"candidate_removal_rejected","backend/api/legal-commentary/reader-annotations.php"
"candidate_new_not_adopted","backend/api/legal-commentary/user-state.php"
"identical_all","backend/api/materials/access.php"
"candidate_change_rejected","backend/api/materials/create.php"
"candidate_change_rejected","backend/api/materials/delete.php"
"identical_all","backend/api/materials/delete_bookmark.php"
"identical_all","backend/api/materials/delete_highlight.php"
"identical_all","backend/api/materials/download.php"
"identical_all","backend/api/materials/get_bookmarks.php"
"identical_all","backend/api/materials/get_highlights.php"
"identical_all","backend/api/materials/get_note.php"
"candidate_change_rejected","backend/api/materials/list.php"
"candidate_change_rejected","backend/api/materials/moderate.php"
"candidate_change_rejected","backend/api/materials/rate.php"
"identical_all","backend/api/materials/save_bookmark.php"
"identical_all","backend/api/materials/save_highlight.php"
"identical_all","backend/api/materials/save_note.php"
"candidate_change_rejected","backend/api/materials/update.php"
"candidate_change_rejected","backend/api/middleware/Auth.php"
"candidate_change_rejected","backend/api/middleware/RateLimiter.php"
"candidate_change_rejected","backend/api/middleware/Security.php"
"candidate_change_rejected","backend/api/notifications/clear.php"
"candidate_change_rejected","backend/api/notifications/clear_all.php"
"candidate_change_rejected","backend/api/notifications/delete.php"
"candidate_change_rejected","backend/api/notifications/list.php"
"candidate_change_rejected","backend/api/notifications/mark_all_read.php"
"candidate_change_rejected","backend/api/notifications/mark_read.php"
"candidate_change_rejected","backend/api/notifications/mark-all-read.php"
"candidate_change_rejected","backend/api/notifications/mark-read.php"
"candidate_change_rejected","backend/api/notifications/permanent-delete.php"
"candidate_change_rejected","backend/api/notifications/restore.php"
"candidate_change_rejected","backend/api/notifications/send.php"
"candidate_change_rejected","backend/api/payments/config.php"
"candidate_change_rejected","backend/api/payments/create-connect-account.php"
"candidate_change_rejected","backend/api/payments/create-preference.php"
"candidate_change_rejected","backend/api/payments/get-installments.php"
"candidate_change_rejected","backend/api/payments/process-payment.php"
"candidate_change_rejected","backend/api/payments/verify-payment.php"
"candidate_change_rejected","backend/api/payments/webhook.php"
"identical_all","backend/api/plans/list.php"
"candidate_new_not_adopted","backend/api/private/ingestion/job.php"
"candidate_new_not_adopted","backend/api/private/ingestion/questions.php"
"candidate_change_rejected","backend/api/questions/answer.php"
"candidate_change_rejected","backend/api/questions/bulk_import.php"
"candidate_change_rejected","backend/api/questions/create.php"
"candidate_change_rejected","backend/api/questions/delete.php"
"candidate_change_rejected","backend/api/questions/edit.php"
"selectively_merged_or_diverged","backend/api/questions/editorial-feedback.php"
"candidate_change_rejected","backend/api/questions/exam_import.php"
"candidate_change_rejected","backend/api/questions/exam-files.php"
"candidate_change_rejected","backend/api/questions/filter.php"
"candidate_change_rejected","backend/api/questions/get_stats.php"
"candidate_change_rejected","backend/api/questions/groups.php"
"candidate_change_rejected","backend/api/questions/history.php"
"candidate_change_rejected","backend/api/questions/list.php"
"candidate_change_rejected","backend/api/questions/reset_answers.php"
"candidate_change_rejected","backend/api/questions/save.php"
"candidate_change_rejected","backend/api/questions/show.php"
"candidate_change_rejected","backend/api/questions/toggle_save.php"
"candidate_change_rejected","backend/api/questions/update.php"
"candidate_change_rejected","backend/api/rankings/create.php"
"candidate_change_rejected","backend/api/rankings/delete.php"
"candidate_change_rejected","backend/api/rankings/install.php"
"candidate_change_rejected","backend/api/rankings/join.php"
"candidate_change_rejected","backend/api/rankings/list.php"
"candidate_change_rejected","backend/api/rankings/migrate.php"
"candidate_change_rejected","backend/api/rankings/moderate.php"
"candidate_change_rejected","backend/api/rankings/update.php"
"candidate_change_rejected","backend/api/referrals/stats.php"
"candidate_change_rejected","backend/api/reports/handle.php"
"candidate_change_rejected","backend/api/reports/list.php"
"candidate_change_rejected","backend/api/settings.php"
"candidate_change_rejected","backend/api/setup/install.php"
"candidate_change_rejected","backend/api/setup/status.php"
"candidate_new_not_adopted","backend/api/simulations/answer.php"
"candidate_change_rejected","backend/api/simulations/create.php"
"candidate_change_rejected","backend/api/simulations/list.php"
"candidate_change_rejected","backend/api/simulations/submit.php"
"candidate_change_rejected","backend/api/statistics/banca_info.php"
"candidate_change_rejected","backend/api/statistics/install.php"
"candidate_change_rejected","backend/api/statistics/platform.php"
"candidate_change_rejected","backend/api/statistics/question.php"
"candidate_change_rejected","backend/api/statistics/study-session.php"
"candidate_change_rejected","backend/api/statistics/user.php"
"candidate_change_rejected","backend/api/statistics/xray.php"
"candidate_change_rejected","backend/api/study-schedule/delete.php"
"candidate_change_rejected","backend/api/study-schedule/get.php"
"candidate_change_rejected","backend/api/study-schedule/save.php"
"candidate_change_rejected","backend/api/subscriptions/automation_helper.php"
"candidate_change_rejected","backend/api/subscriptions/cancel.php"
"candidate_change_rejected","backend/api/subscriptions/cancel_refund.php"
"candidate_change_rejected","backend/api/subscriptions/create.php"
"candidate_change_rejected","backend/api/subscriptions/create_stripe_checkout.php"
"candidate_change_rejected","backend/api/subscriptions/create_stripe_portal.php"
"candidate_change_rejected","backend/api/subscriptions/create_stripe_subscription.php"
"candidate_change_rejected","backend/api/subscriptions/cron_recurring.php"
"candidate_change_rejected","backend/api/subscriptions/cron_scheduled_payments.php"
"candidate_change_rejected","backend/api/subscriptions/cron_stripe_reconciliation.php"
"candidate_change_rejected","backend/api/subscriptions/finalize_stripe_subscription.php"
"candidate_change_rejected","backend/api/subscriptions/process_payment.php"
"candidate_change_rejected","backend/api/subscriptions/stripe_pix_capability.php"
"candidate_change_rejected","backend/api/subscriptions/stripe_testing_matrix.php"
"candidate_change_rejected","backend/api/subscriptions/stripe_testing_runs.php"
"candidate_change_rejected","backend/api/subscriptions/stripe_webhook.php"
"candidate_change_rejected","backend/api/subscriptions/sync_current.php"
"candidate_change_rejected","backend/api/subscriptions/sync_plans_mp.php"
"candidate_change_rejected","backend/api/subscriptions/undo_cancel.php"
"candidate_change_rejected","backend/api/subscriptions/update_renewal.php"
"candidate_change_rejected","backend/api/subscriptions/validate_coupon.php"
"candidate_change_rejected","backend/api/subscriptions/webhook.php"
"candidate_change_rejected","backend/api/subscriptions/webhook_mp.php"
"candidate_change_rejected","backend/api/subscriptions/webhook_stripe.php"
"candidate_new_not_adopted","backend/api/system/health.php"
"candidate_change_rejected","backend/api/system/logs.php"
"candidate_new_not_adopted","backend/api/system/readiness.php"
"candidate_change_rejected","backend/api/tasks/ProcessRewards.php"
"candidate_change_rejected","backend/api/transactions/approve_refund.php"
"candidate_change_rejected","backend/api/transactions/create.php"
"candidate_change_rejected","backend/api/transactions/list.php"
"candidate_change_rejected","backend/api/transactions/refund.php"
"candidate_change_rejected","backend/api/transactions/reject_refund.php"
"candidate_change_rejected","backend/api/upload.php"
"identical_all","backend/api/users/answers.php"
"identical_all","backend/api/users/change_password.php"
"identical_all","backend/api/users/comments.php"
"candidate_change_rejected","backend/api/users/create_stripe_setup_intent.php"
"identical_all","backend/api/users/delete.php"
"identical_all","backend/api/users/delete_note.php"
"identical_all","backend/api/users/level_leaderboard.php"
"identical_all","backend/api/users/list.php"
"candidate_change_rejected","backend/api/users/list_cards.php"
"identical_all","backend/api/users/materials.php"
"candidate_change_rejected","backend/api/users/me/answers.php"
"candidate_change_rejected","backend/api/users/me/comments.php"
"candidate_new_not_adopted","backend/api/users/me/dashboard-summary.php"
"identical_all","backend/api/users/notes.php"
"identical_all","backend/api/users/profile.php"
"candidate_change_rejected","backend/api/users/remove_card.php"
"identical_all","backend/api/users/remove_photo.php"
"candidate_change_rejected","backend/api/users/save_card.php"
"candidate_change_rejected","backend/api/users/set_default_card.php"
"candidate_change_rejected","backend/api/users/sync_stripe_card.php"
"identical_all","backend/api/users/update.php"
"identical_all","backend/api/users/upload_photo.php"
"candidate_change_rejected","backend/api/utils/AdminSecurity.php"
"candidate_change_rejected","backend/api/utils/AuthConfig.php"
"candidate_change_rejected","backend/api/utils/AuthCookies.php"
"candidate_change_rejected","backend/api/utils/AuthLogger.php"
"candidate_change_rejected","backend/api/utils/AuthSession.php"
"candidate_change_rejected","backend/api/utils/cache_helpers.php"
"candidate_change_rejected","backend/api/utils/GoogleAuthenticator.php"
"candidate_change_rejected","backend/api/utils/JWTAuth.php"
"candidate_change_rejected","backend/api/utils/Mailer.php"
"candidate_change_rejected","backend/api/utils/payment_refund_helper.php"
"candidate_change_rejected","backend/api/utils/recaptcha_helper.php"
"candidate_change_rejected","backend/api/utils/request_auth.php"
"candidate_change_rejected","backend/api/utils/Response.php"
"candidate_change_rejected","backend/api/utils/SimpleCache.php"
"candidate_change_rejected","backend/api/utils/SQLSecurity.php"
"candidate_change_rejected","backend/api/utils/Validator.php"
"candidate_removal_rejected","backend/api/v2/admin/questions/show.php"
"candidate_new_not_adopted","backend/api/v2/questions/admin/show.php"
"candidate_change_rejected","backend/api/v2/questions/answer.php"
"candidate_change_rejected","backend/api/v2/questions/list.php"
"candidate_new_not_adopted","backend/api/v2/questions/practice.php"
"candidate_removal_rejected","backend/api/v2/questions/show.php"
"current_new_only","backend/api/v2/users/me/billing/payment-status.php"
"selectively_merged_or_diverged","backend/composer.json"
"selectively_merged_or_diverged","backend/composer.lock"
"candidate_change_rejected","backend/config/cors.php"
"candidate_change_rejected","backend/config/cron_lock.php"
"candidate_change_rejected","backend/config/database.php"
"selectively_merged_or_diverged","backend/config/env.php"
"candidate_change_rejected","backend/config/gamification_helper.php"
"candidate_change_rejected","backend/config/notification_helper.php"
"candidate_change_rejected","backend/config/payment_provider.php"
"selectively_merged_or_diverged","backend/config/production_preflight.php"
"candidate_new_not_adopted","backend/config/schema_contract.php"
"candidate_change_rejected","backend/config/security_headers.php"
"candidate_change_rejected","backend/config/stripe.php"
"identical_all","backend/config/stripe-setup.md"
"identical_all","backend/create"
"identical_all","backend/database/architecture.md"
"candidate_change_rejected","backend/database/architecture-admin-cache-endpoint.md"
"candidate_change_rejected","backend/database/architecture-admin-legacy-bridges.md"
"identical_all","backend/database/architecture-ai.md"
"identical_all","backend/database/architecture-api-residual-surface.md"
"candidate_change_rejected","backend/database/architecture-backend-root.md"
"identical_all","backend/database/architecture-cache-runtime.md"
"identical_all","backend/database/architecture-changelog.md"
"identical_all","backend/database/architecture-cron-secret-hardening.md"
"identical_all","backend/database/architecture-feedback-reports.md"
"identical_all","backend/database/architecture-filters.md"
"identical_all","backend/database/architecture-materials-upload.md"
"candidate_change_rejected","backend/database/architecture-migration-scripts.md"
"candidate_change_rejected","backend/database/architecture-module-shared-dependencies.md"
"identical_all","backend/database/architecture-payments.md"
"identical_all","backend/database/architecture-rankings.md"
"identical_all","backend/database/architecture-scripts.md"
"identical_all","backend/database/architecture-settings.md"
"identical_all","backend/database/architecture-settings-endpoints.md"
"identical_all","backend/database/architecture-shared-auth-middleware.md"
"candidate_change_rejected","backend/database/architecture-shared-utils-security.md"
"identical_all","backend/database/architecture-simulations.md"
"identical_all","backend/database/architecture-statistics.md"
"candidate_change_rejected","backend/database/architecture-subscriptions-checkout-automation.md"
"candidate_change_rejected","backend/database/architecture-subscriptions-plan-sync.md"
"identical_all","backend/database/architecture-support-feedback.md"
"candidate_change_rejected","backend/database/architecture-transactions-refund-support.md"
"identical_all","backend/database/architecture-users-referral-rewards.md"
"candidate_new_not_adopted","backend/database/baseline/20260712_production_structure.sql"
"candidate_new_not_adopted","backend/database/baseline/README.md"
"candidate_removal_rejected","backend/database/migrations/20240224_profile_revamp.sql"
"candidate_removal_rejected","backend/database/migrations/20260331_auth_session_rotation.sql"
"candidate_removal_rejected","backend/database/migrations/20260403_material_reader_interactions_to_varchar.sql"
"candidate_removal_rejected","backend/database/migrations/20260425_question_publication_status.sql"
"candidate_removal_rejected","backend/database/migrations/20260501_marketing_automation_events.sql"
"candidate_removal_rejected","backend/database/migrations/20260501_platform_testimonials.sql"
"candidate_removal_rejected","backend/database/migrations/20260501_rankings_notifications.sql"
"candidate_removal_rejected","backend/database/migrations/20260501_user_study_schedules.sql"
"candidate_removal_rejected","backend/database/migrations/20260531_bulk_question_import.sql"
"candidate_removal_rejected","backend/database/migrations/20260603_question_reference_text.sql"
"candidate_change_rejected","backend/database/migrations/20260615_materials_marketplace_columns.php"
"candidate_removal_rejected","backend/database/migrations/20260618_transactions_refunded_at.sql"
"candidate_removal_rejected","backend/database/migrations/20260629_contextual_report_moderation.sql"
"candidate_removal_rejected","backend/database/migrations/20260630_exam_bank_canonical.sql"
"candidate_removal_rejected","backend/database/migrations/20260711_000000_schema_migrations.sql"
"candidate_removal_rejected","backend/database/migrations/20260711_000100_schema_audit_observability.sql"
"candidate_removal_rejected","backend/database/migrations/20260711_000200_runtime_schema_foundation.php"
"candidate_removal_rejected","backend/database/migrations/20260711_000210_runtime_schema_compatibility.php"
"candidate_removal_rejected","backend/database/migrations/20260711_000220_provider_webhook_unique_constraint.php"
"candidate_removal_rejected","backend/database/migrations/20260711_010000_questions_import_canonical.php"
"candidate_removal_rejected","backend/database/migrations/20260711_010010_questions_exams_compatibility.php"
"candidate_removal_rejected","backend/database/migrations/20260711_010020_question_import_identity_constraints.php"
"candidate_removal_rejected","backend/database/migrations/20260711_020000_legal_commentary_canonical.php"
"candidate_removal_rejected","backend/database/migrations/20260711_020010_legal_reader_annotations.php"
"candidate_removal_rejected","backend/database/migrations/20260711_030000_financial_ledger_foundation.php"
"candidate_removal_rejected","backend/database/migrations/20260711_040000_marketplace_content_security.php"
"candidate_removal_rejected","backend/database/migrations/20260711_090000_notification_event_taxonomy.php"
"candidate_removal_rejected","backend/database/migrations/20260712_020000_user_activity_keyset_indexes.php"
"candidate_new_not_adopted","backend/database/migrations/20260713_010000_security_session_question_contracts.php"
"candidate_new_not_adopted","backend/database/migrations/20260713_020000_runtime_schema_foundation.php"
"candidate_new_not_adopted","backend/database/migrations/20260713_030000_finance_webhook_contracts.php"
"candidate_new_not_adopted","backend/database/migrations/20260713_040000_request_runtime_schema.php"
"candidate_new_not_adopted","backend/database/migrations/20260713_050000_question_scale_read_path.php"
"candidate_new_not_adopted","backend/database/migrations/20260713_060000_consolidate_runtime_schema.php"
"candidate_new_not_adopted","backend/database/migrations/20260713_070000_financial_ledger_reconciliation.php"
"candidate_new_not_adopted","backend/database/migrations/20260714_010000_async_stripe_webhook_queue.php"
"candidate_new_not_adopted","backend/database/migrations/20260714_020000_notification_taxonomy.php"
"candidate_new_not_adopted","backend/database/migrations/20260714_030000_admin_ownership_completion.php"
"candidate_new_not_adopted","backend/database/migrations/20260715_010000_stripe_invoice_collection_retries.php"
"current_new_only","backend/database/migrations/20260716_010000_transactions_provider_identity_unique.php"
"current_new_only","backend/database/migrations/20260716_020000_question_editorial_feedback.php"
"candidate_removal_rejected","backend/database/migrations/create_user_material_notes.sql"
"candidate_removal_rejected","backend/database/migrations/legacy/add_cache_settings.sql"
"candidate_removal_rejected","backend/database/migrations/legacy/add_indexes.sql"
"candidate_removal_rejected","backend/database/migrations/legacy/add_material_ratings.sql"
"candidate_removal_rejected","backend/database/migrations/legacy/add_meta_carreira_column.sql"
"candidate_removal_rejected","backend/database/migrations/legacy/add_payment_provider_columns.sql"
"candidate_removal_rejected","backend/database/migrations/legacy/add_performance_indexes.sql"
"candidate_removal_rejected","backend/database/migrations/legacy/add_stripe_columns.sql"
"candidate_removal_rejected","backend/database/migrations/legacy/add_tier_to_plans.sql"
"candidate_removal_rejected","backend/database/migrations/legacy/create_transactions_table.sql"
"candidate_removal_rejected","backend/database/migrations/legacy/create_user_feedback_table.sql"
"candidate_change_rejected","backend/database/migrations/legacy/create_user_interactions_tables.php"
"candidate_change_rejected","backend/database/migrations/legacy/fix_user_notes_item_id.php"
"candidate_removal_rejected","backend/database/migrations/refactor_cleanup.sql"
"candidate_removal_rejected","backend/database/migrations/refactor_user_notes.sql"
"candidate_new_not_adopted","backend/database/migrations/rollback/20260713_050000_question_scale_read_path.sql"
"candidate_new_not_adopted","backend/database/migrations/rollback/20260713_060000_consolidate_runtime_schema.md"
"candidate_new_not_adopted","backend/database/migrations/rollback/20260713_070000_financial_ledger_reconciliation.md"
"candidate_new_not_adopted","backend/database/migrations/rollback/20260713_implementation_rollback.sql"
"candidate_change_rejected","backend/database/schema.sql"
"candidate_removal_rejected","backend/database/seeds/rankings_seed_data.sql"
"candidate_removal_rejected","backend/database/seeds/seed.sql"
"candidate_change_rejected","backend/index.php"
"candidate_change_rejected","backend/modules/admin/controllers/AdminAnalyticsController.php"
"candidate_change_rejected","backend/modules/admin/controllers/AdminCacheController.php"
"candidate_change_rejected","backend/modules/admin/controllers/AdminCommentsModerationController.php"
"candidate_change_rejected","backend/modules/admin/controllers/AdminDatabaseMaintenanceController.php"
"candidate_change_rejected","backend/modules/admin/controllers/AdminFeedbackController.php"
"candidate_change_rejected","backend/modules/admin/controllers/AdminPlanCatalogController.php"
"candidate_change_rejected","backend/modules/admin/controllers/AdminReportModerationController.php"
"candidate_change_rejected","backend/modules/admin/controllers/AdminReportWorkbenchController.php"
"candidate_change_rejected","backend/modules/admin/controllers/AdminSecurityIpsController.php"
"candidate_change_rejected","backend/modules/admin/controllers/AdminSettingsController.php"
"candidate_change_rejected","backend/modules/admin/controllers/AdminStatsController.php"
"candidate_change_rejected","backend/modules/admin/controllers/AdminSystemLogController.php"
"candidate_change_rejected","backend/modules/admin/controllers/AdminUserActionsController.php"
"candidate_change_rejected","backend/modules/admin/controllers/AdminUserDetailsController.php"
"candidate_change_rejected","backend/modules/admin/repositories/AdminAnalyticsRepository.php"
"candidate_change_rejected","backend/modules/admin/repositories/AdminCacheRepository.php"
"candidate_change_rejected","backend/modules/admin/repositories/AdminCommentsModerationRepository.php"
"candidate_change_rejected","backend/modules/admin/repositories/AdminDatabaseMaintenanceRepository.php"
"candidate_change_rejected","backend/modules/admin/repositories/AdminFeedbackRepository.php"
"candidate_change_rejected","backend/modules/admin/repositories/AdminPlanCatalogRepository.php"
"candidate_change_rejected","backend/modules/admin/repositories/AdminReportModerationRepository.php"
"candidate_change_rejected","backend/modules/admin/repositories/AdminReportWorkbenchRepository.php"
"candidate_change_rejected","backend/modules/admin/repositories/AdminSecurityIpsRepository.php"
"candidate_change_rejected","backend/modules/admin/repositories/AdminSettingsRepository.php"
"candidate_change_rejected","backend/modules/admin/repositories/AdminStatsRepository.php"
"candidate_change_rejected","backend/modules/admin/repositories/AdminSystemLogRepository.php"
"candidate_change_rejected","backend/modules/admin/repositories/AdminUserActionsRepository.php"
"candidate_change_rejected","backend/modules/admin/repositories/AdminUserDetailsRepository.php"
"selectively_merged_or_diverged","backend/modules/admin/routes.php"
"candidate_change_rejected","backend/modules/admin/services/AdminAnalyticsService.php"
"candidate_new_not_adopted","backend/modules/admin/services/AdminBrandAssetsService.php"
"candidate_change_rejected","backend/modules/admin/services/AdminCacheService.php"
"candidate_change_rejected","backend/modules/admin/services/AdminCommentsModerationService.php"
"candidate_change_rejected","backend/modules/admin/services/AdminDatabaseMaintenanceService.php"
"candidate_change_rejected","backend/modules/admin/services/AdminFeedbackService.php"
"candidate_change_rejected","backend/modules/admin/services/AdminPlanCatalogService.php"
"candidate_change_rejected","backend/modules/admin/services/AdminReportModerationService.php"
"candidate_change_rejected","backend/modules/admin/services/AdminReportWorkbenchService.php"
"candidate_change_rejected","backend/modules/admin/services/AdminSecurityIpsService.php"
"candidate_change_rejected","backend/modules/admin/services/AdminSettingsService.php"
"candidate_change_rejected","backend/modules/admin/services/AdminStatsService.php"
"identical_all","backend/modules/admin/services/AdminSystemLogAnalyzer.php"
"candidate_new_selectively_merged","backend/modules/admin/services/AdminSystemLogPathResolver.php"
"candidate_change_rejected","backend/modules/admin/services/AdminSystemLogService.php"
"candidate_change_rejected","backend/modules/admin/services/AdminUserActionsService.php"
"candidate_change_rejected","backend/modules/admin/services/AdminUserCommunicationService.php"
"candidate_change_rejected","backend/modules/admin/services/AdminUserDetailsService.php"
"candidate_change_rejected","backend/modules/admin/validators/AdminAnalyticsValidator.php"
"candidate_change_rejected","backend/modules/admin/validators/AdminCacheValidator.php"
"candidate_change_rejected","backend/modules/admin/validators/AdminCommentsModerationValidator.php"
"candidate_change_rejected","backend/modules/admin/validators/AdminDatabaseMaintenanceValidator.php"
"candidate_change_rejected","backend/modules/admin/validators/AdminFeedbackValidator.php"
"candidate_change_rejected","backend/modules/admin/validators/AdminPlanCatalogValidator.php"
"candidate_change_rejected","backend/modules/admin/validators/AdminReportModerationValidator.php"
"candidate_change_rejected","backend/modules/admin/validators/AdminSecurityIpsValidator.php"
"candidate_change_rejected","backend/modules/admin/validators/AdminSettingsValidator.php"
"candidate_change_rejected","backend/modules/admin/validators/AdminStatsValidator.php"
"candidate_change_rejected","backend/modules/admin/validators/AdminSystemLogValidator.php"
"candidate_change_rejected","backend/modules/admin/validators/AdminUserActionsValidator.php"
"candidate_change_rejected","backend/modules/admin/validators/AdminUserDetailsValidator.php"
"candidate_change_rejected","backend/modules/ai/controllers/AiController.php"
"candidate_change_rejected","backend/modules/ai/repositories/AiRepository.php"
"candidate_change_rejected","backend/modules/ai/routes.php"
"candidate_change_rejected","backend/modules/ai/services/AiService.php"
"candidate_change_rejected","backend/modules/ai/validators/AiValidator.php"
"candidate_change_rejected","backend/modules/analytics/controllers/AnalyticsTrackingController.php"
"candidate_change_rejected","backend/modules/analytics/repositories/AnalyticsTrackingRepository.php"
"candidate_change_rejected","backend/modules/analytics/routes.php"
"candidate_change_rejected","backend/modules/analytics/services/AnalyticsTrackingService.php"
"candidate_change_rejected","backend/modules/analytics/validators/AnalyticsTrackingValidator.php"
"candidate_change_rejected","backend/modules/auth/controllers/AuthController.php"
"candidate_change_rejected","backend/modules/auth/repositories/AuthRepository.php"
"candidate_change_rejected","backend/modules/auth/routes.php"
"selectively_merged_or_diverged","backend/modules/auth/services/AuthService.php"
"candidate_change_rejected","backend/modules/auth/validators/AuthValidator.php"
"candidate_change_rejected","backend/modules/changelog/controllers/ChangelogController.php"
"candidate_change_rejected","backend/modules/changelog/repositories/ChangelogRepository.php"
"candidate_change_rejected","backend/modules/changelog/routes.php"
"candidate_change_rejected","backend/modules/changelog/services/ChangelogService.php"
"candidate_change_rejected","backend/modules/changelog/validators/ChangelogValidator.php"
"candidate_change_rejected","backend/modules/comments/controllers/CommentsController.php"
"candidate_change_rejected","backend/modules/comments/repositories/CommentsRepository.php"
"candidate_change_rejected","backend/modules/comments/routes.php"
"candidate_change_rejected","backend/modules/comments/services/CommentsService.php"
"candidate_change_rejected","backend/modules/comments/validators/CommentsValidator.php"
"candidate_change_rejected","backend/modules/exams/controllers/ExamsController.php"
"candidate_change_rejected","backend/modules/exams/repositories/ExamsRepository.php"
"candidate_change_rejected","backend/modules/exams/routes.php"
"candidate_change_rejected","backend/modules/exams/services/ExamsService.php"
"candidate_change_rejected","backend/modules/exams/validators/ExamsValidator.php"
"candidate_change_rejected","backend/modules/feedback/controllers/FeedbackController.php"
"candidate_change_rejected","backend/modules/feedback/repositories/FeedbackRepository.php"
"candidate_change_rejected","backend/modules/feedback/routes.php"
"candidate_change_rejected","backend/modules/feedback/services/FeedbackService.php"
"candidate_change_rejected","backend/modules/feedback/validators/FeedbackValidator.php"
"candidate_change_rejected","backend/modules/filters/controllers/FiltersController.php"
"candidate_change_rejected","backend/modules/filters/repositories/FiltersRepository.php"
"candidate_change_rejected","backend/modules/filters/routes.php"
"candidate_change_rejected","backend/modules/filters/services/FiltersService.php"
"candidate_change_rejected","backend/modules/filters/validators/FiltersValidator.php"
"candidate_new_not_adopted","backend/modules/finance/repositories/FinancialLedgerRepository.php"
"candidate_removal_rejected","backend/modules/finance/services/FinancialLedger.php"
"candidate_new_not_adopted","backend/modules/finance/services/FinancialLedgerService.php"
"candidate_change_rejected","backend/modules/legal_commentary/controllers/LegalCommentaryController.php"
"candidate_change_rejected","backend/modules/legal_commentary/repositories/LegalCommentaryRepository.php"
"candidate_change_rejected","backend/modules/legal_commentary/routes.php"
"candidate_new_not_adopted","backend/modules/legal_commentary/services/Concerns/LegalCommentaryAiFieldSchemaConcern.php"
"candidate_change_rejected","backend/modules/legal_commentary/services/LegalCommentaryAiGenerationService.php"
"selectively_merged_or_diverged","backend/modules/legal_commentary/services/LegalCommentaryService.php"
"candidate_change_rejected","backend/modules/legal_commentary/services/PlanaltoImportService.php"
"candidate_change_rejected","backend/modules/legal_commentary/validators/LegalCommentaryAiEditorialValidator.php"
"candidate_change_rejected","backend/modules/marketing_automation/repositories/MarketingAutomationRepository.php"
"identical_all","backend/modules/marketing_automation/services/MarketingAutomationService.php"
"candidate_change_rejected","backend/modules/materials/controllers/MaterialsController.php"
"candidate_change_rejected","backend/modules/materials/repositories/MaterialsRepository.php"
"candidate_change_rejected","backend/modules/materials/routes.php"
"candidate_change_rejected","backend/modules/materials/services/MaterialsService.php"
"candidate_change_rejected","backend/modules/materials/validators/MaterialsValidator.php"
"candidate_change_rejected","backend/modules/notifications/controllers/NotificationsController.php"
"candidate_change_rejected","backend/modules/notifications/repositories/NotificationsRepository.php"
"candidate_change_rejected","backend/modules/notifications/routes.php"
"candidate_change_rejected","backend/modules/notifications/services/NotificationsService.php"
"candidate_change_rejected","backend/modules/notifications/validators/NotificationsValidator.php"
"candidate_change_rejected","backend/modules/payments/controllers/PaymentsController.php"
"candidate_change_rejected","backend/modules/payments/repositories/PaymentsRepository.php"
"candidate_change_rejected","backend/modules/payments/routes.php"
"candidate_change_rejected","backend/modules/payments/services/PaymentsService.php"
"candidate_change_rejected","backend/modules/payments/validators/PaymentsValidator.php"
"candidate_change_rejected","backend/modules/plans/controllers/PlansController.php"
"candidate_change_rejected","backend/modules/plans/repositories/PlansRepository.php"
"candidate_change_rejected","backend/modules/plans/routes.php"
"candidate_change_rejected","backend/modules/plans/services/PlansService.php"
"candidate_change_rejected","backend/modules/plans/validators/PlansValidator.php"
"candidate_new_not_adopted","backend/modules/private_ingestion/repositories/PrivateIngestionRepository.php"
"candidate_new_not_adopted","backend/modules/private_ingestion/routes.php"
"candidate_new_not_adopted","backend/modules/private_ingestion/services/PrivateIngestionService.php"
"candidate_new_not_adopted","backend/modules/private_ingestion/validators/PrivateIngestionValidator.php"
"candidate_change_rejected","backend/modules/questions/controllers/QuestionsController.php"
"candidate_new_not_adopted","backend/modules/questions/dto/QuestionAdminAssembler.php"
"candidate_new_not_adopted","backend/modules/questions/dto/QuestionDtoHelpers.php"
"candidate_new_not_adopted","backend/modules/questions/dto/QuestionListItemAssembler.php"
"candidate_new_not_adopted","backend/modules/questions/dto/QuestionPracticeAssembler.php"
"current_new_only","backend/modules/questions/editorial_feedback_routes.php"
"current_new_only","backend/modules/questions/private_ingestion_routes.php"
"candidate_removal_rejected","backend/modules/questions/repositories/QuestionCanonicalRepository.php"
"candidate_change_rejected","backend/modules/questions/repositories/QuestionsRepository.php"
"candidate_change_rejected","backend/modules/questions/routes.php"
"candidate_removal_rejected","backend/modules/questions/services/PrivateQuestionIngestionService.php"
"candidate_change_rejected","backend/modules/questions/services/QuestionAnswerEvaluator.php"
"candidate_change_rejected","backend/modules/questions/services/QuestionOutputPolicy.php"
"candidate_removal_rejected","backend/modules/questions/services/QuestionOwnershipPolicy.php"
"candidate_new_not_adopted","backend/modules/questions/services/QuestionPublicPageCache.php"
"candidate_change_rejected","backend/modules/questions/services/QuestionsRewardService.php"
"candidate_change_rejected","backend/modules/questions/services/QuestionsService.php"
"candidate_change_rejected","backend/modules/questions/validators/QuestionsValidator.php"
"candidate_change_rejected","backend/modules/rankings/controllers/RankingsController.php"
"candidate_change_rejected","backend/modules/rankings/repositories/RankingsRepository.php"
"candidate_change_rejected","backend/modules/rankings/routes.php"
"candidate_change_rejected","backend/modules/rankings/services/RankingsService.php"
"candidate_change_rejected","backend/modules/rankings/validators/RankingsValidator.php"
"candidate_change_rejected","backend/modules/reports/controllers/ReportsController.php"
"candidate_change_rejected","backend/modules/reports/repositories/ReportsRepository.php"
"candidate_change_rejected","backend/modules/reports/routes.php"
"candidate_change_rejected","backend/modules/reports/services/ReportReasonCatalog.php"
"candidate_change_rejected","backend/modules/reports/services/ReportsService.php"
"candidate_change_rejected","backend/modules/reports/validators/ReportsValidator.php"
"candidate_change_rejected","backend/modules/settings/routes.php"
"candidate_change_rejected","backend/modules/setup/routes.php"
"candidate_change_rejected","backend/modules/setup/services/SetupService.php"
"candidate_change_rejected","backend/modules/simulations/controllers/SimulationsController.php"
"candidate_change_rejected","backend/modules/simulations/repositories/SimulationsRepository.php"
"candidate_change_rejected","backend/modules/simulations/routes.php"
"candidate_change_rejected","backend/modules/simulations/services/SimulationsService.php"
"candidate_change_rejected","backend/modules/simulations/validators/SimulationsValidator.php"
"candidate_change_rejected","backend/modules/statistics/controllers/StatisticsController.php"
"candidate_change_rejected","backend/modules/statistics/repositories/StatisticsRepository.php"
"candidate_change_rejected","backend/modules/statistics/routes.php"
"candidate_change_rejected","backend/modules/statistics/services/StatisticsService.php"
"candidate_change_rejected","backend/modules/statistics/validators/StatisticsValidator.php"
"candidate_change_rejected","backend/modules/study_schedule/controllers/StudyScheduleController.php"
"candidate_change_rejected","backend/modules/study_schedule/repositories/StudyScheduleRepository.php"
"candidate_change_rejected","backend/modules/study_schedule/routes.php"
"candidate_change_rejected","backend/modules/study_schedule/services/StudyScheduleService.php"
"candidate_change_rejected","backend/modules/study_schedule/validators/StudyScheduleValidator.php"
"candidate_change_rejected","backend/modules/subscriptions/controllers/SubscriptionsController.php"
"selectively_merged_or_diverged","backend/modules/subscriptions/repositories/SubscriptionsRepository.php"
"candidate_change_rejected","backend/modules/subscriptions/routes.php"
"candidate_new_not_adopted","backend/modules/subscriptions/services/Concerns/SubscriptionsAutomationConcern.php"
"candidate_new_not_adopted","backend/modules/subscriptions/services/Concerns/SubscriptionsCancellationConcern.php"
"candidate_new_not_adopted","backend/modules/subscriptions/services/Concerns/SubscriptionsCheckoutConcern.php"
"candidate_new_not_adopted","backend/modules/subscriptions/services/Concerns/SubscriptionsReconciliationConcern.php"
"candidate_new_not_adopted","backend/modules/subscriptions/services/Concerns/SubscriptionsRenewalConcern.php"
"candidate_new_not_adopted","backend/modules/subscriptions/services/Concerns/SubscriptionsWebhookConcern.php"
"selectively_merged_or_diverged","backend/modules/subscriptions/services/StripePaymentApprovalValidator.php"
"candidate_change_rejected","backend/modules/subscriptions/services/SubscriptionsAutomationService.php"
"selectively_merged_or_diverged","backend/modules/subscriptions/services/SubscriptionsBillingSupport.php"
"selectively_merged_or_diverged","backend/modules/subscriptions/services/SubscriptionsService.php"
"candidate_change_rejected","backend/modules/subscriptions/validators/SubscriptionsValidator.php"
"candidate_change_rejected","backend/modules/transactions/controllers/TransactionsController.php"
"candidate_change_rejected","backend/modules/transactions/repositories/TransactionsRepository.php"
"candidate_change_rejected","backend/modules/transactions/routes.php"
"candidate_change_rejected","backend/modules/transactions/services/TransactionsRefundSupport.php"
"candidate_change_rejected","backend/modules/transactions/services/TransactionsService.php"
"candidate_change_rejected","backend/modules/transactions/validators/TransactionsValidator.php"
"candidate_change_rejected","backend/modules/users/controllers/UsersCardsController.php"
"selectively_merged_or_diverged","backend/modules/users/controllers/UsersController.php"
"candidate_change_rejected","backend/modules/users/controllers/UsersRewardsController.php"
"candidate_change_rejected","backend/modules/users/repositories/UsersRepository.php"
"selectively_merged_or_diverged","backend/modules/users/routes.php"
"candidate_change_rejected","backend/modules/users/services/UsersCardsService.php"
"candidate_change_rejected","backend/modules/users/services/UsersCardsStripeSupport.php"
"candidate_change_rejected","backend/modules/users/services/UsersReferralRewardsService.php"
"selectively_merged_or_diverged","backend/modules/users/services/UsersService.php"
"candidate_change_rejected","backend/modules/users/validators/UsersValidator.php"
"identical_all","backend/README.md"
"candidate_change_rejected","backend/router.php"
"candidate_removal_rejected","backend/scripts/backfills/json_column_preflight.php"
"candidate_change_rejected","backend/scripts/checks/check_comments.php"
"candidate_change_rejected","backend/scripts/checks/check_duplicate_filters.php"
"identical_all","backend/scripts/checks/check_feedback_parent_id.php"
"candidate_change_rejected","backend/scripts/checks/check_filters.php"
"candidate_change_rejected","backend/scripts/checks/check_filters_schema.php"
"identical_all","backend/scripts/checks/check_payments_schema.php"
"candidate_change_rejected","backend/scripts/checks/check_plans_api.php"
"candidate_change_rejected","backend/scripts/checks/check_questions_relations_schema.php"
"candidate_change_rejected","backend/scripts/checks/check_questions_schema.php"
"candidate_change_rejected","backend/scripts/checks/check_recaptcha_settings.php"
"candidate_change_rejected","backend/scripts/checks/check_schema.php"
"identical_all","backend/scripts/checks/check_stripe_connection.php"
"candidate_change_rejected","backend/scripts/checks/check_subject_meta.php"
"candidate_change_rejected","backend/scripts/checks/check_subjects.php"
"candidate_change_rejected","backend/scripts/checks/check_subscriptions_db.php"
"identical_all","backend/scripts/checks/check_subscriptions_transactions_schema.php"
"candidate_change_rejected","backend/scripts/checks/check_system_settings_schema.php"
"candidate_change_rejected","backend/scripts/checks/check_transactions.php"
"candidate_change_rejected","backend/scripts/checks/check_users_schema.php"
"candidate_change_rejected","backend/scripts/checks/describe_feedback_table.php"
"candidate_change_rejected","backend/scripts/checks/export_system_settings_structure.php"
"candidate_change_rejected","backend/scripts/checks/inspect_materials_reports_schema.php"
"candidate_change_rejected","backend/scripts/checks/inspect_system_settings_db.php"
"candidate_change_rejected","backend/scripts/checks/list_tables.php"
"candidate_change_rejected","backend/scripts/checks/show_materials_schema.php"
"candidate_change_rejected","backend/scripts/checks/show_settings_and_cache_table_create.php"
"candidate_change_rejected","backend/scripts/checks/show_user_material_notes_schema.php"
"candidate_change_rejected","backend/scripts/checks/show_user_notes_schema.php"
"candidate_new_not_adopted","backend/scripts/checks/verify_schema_contract.php"
"candidate_removal_rejected","backend/scripts/diagnostics/explain_critical_queries.php"
"candidate_removal_rejected","backend/scripts/diagnostics/runtime_ddl_inventory.php"
"candidate_removal_rejected","backend/scripts/diagnostics/schema_audit.php"
"candidate_change_rejected","backend/scripts/importers/questions/gran/import_worker.php"
"candidate_change_rejected","backend/scripts/importers/questions/gran/index.php"
"candidate_change_rejected","backend/scripts/migrate_exam_bank_legacy.php"
"candidate_new_not_adopted","backend/scripts/migrations/backfill_financial_ledger.php"
"candidate_new_not_adopted","backend/scripts/migrations/backfill_question_scale_read_path.php"
"candidate_new_not_adopted","backend/scripts/migrations/backfill_selected_option_id.php"
"candidate_change_rejected","backend/scripts/migrations/migrate_marketplace_schema_compatibility.php"
"candidate_new_not_adopted","backend/scripts/migrations/normalize_schema_collation.php"
"candidate_change_rejected","backend/scripts/migrations/run_schema_migrations.php"
"identical_all","backend/scripts/optimization-summary.md"
"candidate_new_not_adopted","backend/scripts/performance/explain_question_read_path.php"
"candidate_new_not_adopted","backend/scripts/performance/generate_question_scale_fixture.php"
"identical_all","backend/scripts/README.md"
"identical_all","backend/scripts/tasks/backup_mysql.php"
"identical_all","backend/scripts/tasks/backup_restore_rehearsal.php"
"candidate_change_rejected","backend/scripts/tasks/check_subscription_card_expiry.php"
"selectively_merged_or_diverged","backend/scripts/tasks/ci_wiring_checks.php"
"identical_all","backend/scripts/tasks/operational_log_alerts.php"
"identical_all","backend/scripts/tasks/operational_log_maintenance.php"
"identical_all","backend/scripts/tasks/process_marketing_automations.php"
"candidate_new_not_adopted","backend/scripts/tasks/process_private_ingestion_jobs.php"
"identical_all","backend/scripts/tasks/process_referral_rewards.php"
"candidate_new_not_adopted","backend/scripts/tasks/process_stripe_webhook_jobs.php"
"identical_all","backend/scripts/tasks/production_log_audit.php"
"identical_all","backend/scripts/tasks/production_preflight.php"
"identical_all","backend/scripts/tasks/production_readiness_suite.php"
"candidate_change_rejected","backend/scripts/tasks/production_smoke.php"
"candidate_new_not_adopted","backend/scripts/tasks/reconcile_financial_ledger.php"
"identical_all","backend/scripts/tasks/reconcile_stripe_subscriptions.php"
"identical_all","backend/scripts/tasks/restore_mysql_backup.php"
"identical_all","backend/scripts/tasks/staging_homologation_gate.php"
"identical_all","backend/scripts/tasks/sync_mercadopago_preapproval_plans.php"
"identical_all","backend/scripts/tasks/verify_mysql_backup.php"
"identical_all","backend/scripts/tasks/vps_operations_gate.php"
"candidate_removal_rejected","backend/scripts/workers/process_question_ingestion_jobs.php"
"candidate_change_rejected","backend/shared/auth/AuthConfig.php"
"candidate_new_not_adopted","backend/shared/auth/AuthContext.php"
"candidate_change_rejected","backend/shared/auth/AuthCookies.php"
"candidate_change_rejected","backend/shared/auth/AuthLogger.php"
"candidate_change_rejected","backend/shared/auth/AuthSession.php"
"candidate_change_rejected","backend/shared/auth/GoogleAuthenticator.php"
"candidate_change_rejected","backend/shared/auth/JWTAuth.php"
"candidate_change_rejected","backend/shared/auth/request_auth.php"
"candidate_new_not_adopted","backend/shared/database/SchemaMigration.php"
"candidate_removal_rejected","backend/shared/database/SchemaMigrationRunner.php"
"candidate_removal_rejected","backend/shared/database/SchemaReadiness.php"
"candidate_change_rejected","backend/shared/errors/ApiErrorDetails.php"
"candidate_new_not_adopted","backend/shared/errors/HttpException.php"
"candidate_new_not_adopted","backend/shared/health/ReleaseMetadata.php"
"candidate_new_not_adopted","backend/shared/health/SystemHealthService.php"
"candidate_change_rejected","backend/shared/http/ApiResponse.php"
"candidate_new_not_adopted","backend/shared/http/LegacyEndpointDeprecation.php"
"candidate_new_not_adopted","backend/shared/http/Request.php"
"candidate_change_rejected","backend/shared/middleware/AuthMiddleware.php"
"candidate_change_rejected","backend/shared/middleware/RateLimiter.php"
"candidate_change_rejected","backend/shared/middleware/SecurityMiddleware.php"
"candidate_new_not_adopted","backend/shared/observability/RequestContext.php"
"candidate_change_rejected","backend/shared/pagination/SignedKeysetCursor.php"
"candidate_change_rejected","backend/shared/responses/ApiEnvelope.php"
"candidate_change_rejected","backend/shared/responses/Response.php"
"candidate_new_not_adopted","backend/shared/runtime/NullRuntimeStore.php"
"candidate_new_not_adopted","backend/shared/runtime/RedisRuntimeStore.php"
"candidate_new_not_adopted","backend/shared/runtime/RuntimeStoreFactory.php"
"candidate_new_not_adopted","backend/shared/runtime/RuntimeStoreInterface.php"
"candidate_change_rejected","backend/shared/security/AdminSecurity.php"
"candidate_change_rejected","backend/shared/security/IpBanGuard.php"
"candidate_change_rejected","backend/shared/security/Recaptcha.php"
"candidate_change_rejected","backend/shared/security/SQLSecurity.php"
"identical_all","backend/shared/security/UploadSecurity.php"
"candidate_change_rejected","backend/shared/security/Validator.php"
"candidate_change_rejected","backend/shared/utils/cache_helpers.php"
"candidate_change_rejected","backend/shared/utils/EmailTemplateResolver.php"
"candidate_change_rejected","backend/shared/utils/MailConfiguration.php"
"candidate_change_rejected","backend/shared/utils/Mailer.php"
"candidate_change_rejected","backend/shared/utils/SimpleCache.php"
"candidate_new_not_adopted","backend/storage/.gitkeep"
"candidate_new_not_adopted","backend/storage/materials/.gitkeep"
"candidate_change_rejected","backend/tests/AdminAnalyticsWindowTest.php"
"candidate_removal_rejected","backend/tests/AdminApiRbacWiringTest.php"
"candidate_new_not_adopted","backend/tests/AdminBrandAssetUploadWiringTest.php"
"selectively_merged_or_diverged","backend/tests/AdminCacheEndpointWiringTest.php"
"adopted_exact","backend/tests/AdminDatabaseResetProductionGuardTest.php"
"selectively_merged_or_diverged","backend/tests/AdminFinanceProjectionAndNotificationWiringTest.php"
"selectively_merged_or_diverged","backend/tests/AdminLegacyBridgesWiringTest.php"
"selectively_merged_or_diverged","backend/tests/AdminLogsEndpointWiringTest.php"
"selectively_merged_or_diverged","backend/tests/AdminPlanCatalogRenewalSyncWiringTest.php"
"selectively_merged_or_diverged","backend/tests/AdminPublicationOwnershipWiringTest.php"
"candidate_removal_rejected","backend/tests/AdminRouteAccessWiringTest.php"
"selectively_merged_or_diverged","backend/tests/AdminSecurityWiringTest.php"
"adopted_exact","backend/tests/AdminSettingsValidatorStripeTest.php"
"selectively_merged_or_diverged","backend/tests/AdminSettingsWiringTest.php"
"candidate_change_rejected","backend/tests/AdminStatsAggregationTest.php"
"adopted_exact","backend/tests/AdminUserActionsWiringTest.php"
"adopted_exact","backend/tests/AiModuleWiringTest.php"
"identical_all","backend/tests/AnalyticsTrackingSecurityTest.php"
"selectively_merged_or_diverged","backend/tests/ApiAcceptedExceptionsWiringTest.php"
"selectively_merged_or_diverged","backend/tests/ApiBridgeInventoryWiringTest.php"
"adopted_exact","backend/tests/ApiExceptionalBridgesWiringTest.php"
"adopted_exact","backend/tests/ApiResidualSurfaceWiringTest.php"
"selectively_merged_or_diverged","backend/tests/ApiThinBridgesWiringTest.php"
"candidate_new_not_adopted","backend/tests/AsyncStripeWebhookWiringTest.php"
"candidate_change_rejected","backend/tests/AuthClientIpBehaviorTest.php"
"candidate_change_rejected","backend/tests/AuthFlowTest.php"
"adopted_exact","backend/tests/AuthModuleWiringTest.php"
"selectively_merged_or_diverged","backend/tests/BackendRootCleanupWiringTest.php"
"adopted_exact","backend/tests/BackupMysqlWiringTest.php"
"selectively_merged_or_diverged","backend/tests/BillingStripeOperationalValidationTest.php"
"candidate_new_selectively_merged","backend/tests/CardInstallmentExpiryBehaviorTest.php"
"adopted_exact","backend/tests/ChangelogModuleWiringTest.php"
"adopted_exact","backend/tests/CommentsModuleWiringTest.php"
"candidate_change_rejected","backend/tests/CouponEligibilityTest.php"
"adopted_exact","backend/tests/CronLockWiringTest.php"
"adopted_exact","backend/tests/CronSecretHardeningWiringTest.php"
"candidate_removal_rejected","backend/tests/DatabasePhase03MigrationTest.php"
"candidate_new_not_adopted","backend/tests/DistributedRateLimiterTest.php"
"selectively_merged_or_diverged","backend/tests/EmailTemplatesCatalogParityTest.php"
"candidate_new_not_adopted","backend/tests/ExternalTlsSecurityWiringTest.php"
"selectively_merged_or_diverged","backend/tests/FeedbackModuleWiringTest.php"
"selectively_merged_or_diverged","backend/tests/FeedbackTestimonialsWiringTest.php"
"identical_all","backend/tests/FeedbackValidatorTest.php"
"candidate_new_not_adopted","backend/tests/FilterAliasesAssetsWiringTest.php"
"adopted_exact","backend/tests/FiltersModuleWiringTest.php"
"candidate_removal_rejected","backend/tests/FinancialLedgerPhase06WiringTest.php"
"candidate_new_not_adopted","backend/tests/FinancialLedgerServiceTest.php"
"identical_all","backend/tests/fixtures/stripe/charge.refunded.json"
"identical_all","backend/tests/fixtures/stripe/checkout.session.completed.json"
"identical_all","backend/tests/fixtures/stripe/customer.subscription.deleted.json"
"identical_all","backend/tests/fixtures/stripe/customer.subscription.updated.json"
"identical_all","backend/tests/fixtures/stripe/invoice.paid.json"
"identical_all","backend/tests/fixtures/stripe/invoice.payment_failed.json"
"candidate_removal_rejected","backend/tests/FrontendContractsPhase08Test.php"
"adopted_exact","backend/tests/GoogleAuthWiringTest.php"
"candidate_new_not_adopted","backend/tests/GranCrawlerIsolationWiringTest.php"
"candidate_new_not_adopted","backend/tests/LegacyEndpointDeprecationWiringTest.php"
"selectively_merged_or_diverged","backend/tests/LegalCommentaryAdminWiringTest.php"
"candidate_removal_rejected","backend/tests/LegalCommentaryOwnershipWiringTest.php"
"candidate_removal_rejected","backend/tests/LegalCommentaryPhase05WiringTest.php"
"candidate_new_not_adopted","backend/tests/LegalCommentaryUserStateWiringTest.php"
"selectively_merged_or_diverged","backend/tests/MarketingAutomationWiringTest.php"
"candidate_removal_rejected","backend/tests/MarketplaceContentSecurityPhase07Test.php"
"selectively_merged_or_diverged","backend/tests/MarketplaceGamificationWiringTest.php"
"adopted_exact","backend/tests/MarketplaceNotificationsWiringTest.php"
"candidate_change_rejected","backend/tests/MarketplaceSchemaCompatibilityWiringTest.php"
"selectively_merged_or_diverged","backend/tests/MaterialsModuleWiringTest.php"
"candidate_new_not_adopted","backend/tests/MaterialsPrivateStorageWiringTest.php"
"candidate_change_rejected","backend/tests/NotificationsModuleWiringTest.php"
"candidate_new_not_adopted","backend/tests/NotificationTaxonomyWiringTest.php"
"selectively_merged_or_diverged","backend/tests/OperationalLogAlertsWiringTest.php"
"selectively_merged_or_diverged","backend/tests/OperationalLogMaintenanceWiringTest.php"
"candidate_new_not_adopted","backend/tests/PaymentRecoveryHardeningWiringTest.php"
"adopted_exact","backend/tests/PaymentsModuleWiringTest.php"
"identical_all","backend/tests/PaymentsReturnUrlValidatorTest.php"
"current_new_only","backend/tests/Phase02CanonicalSessionAndBillingTest.php"
"current_new_only","backend/tests/Phase02ProductionDtoDiagnostic.php"
"candidate_removal_rejected","backend/tests/Phase02SecurityWiringTest.php"
"current_changed_candidate_removed","backend/tests/Phase02SessionRequestsWiringTest.php"
"candidate_new_not_adopted","backend/tests/Phase05DatabaseArchitectureTest.php"
"candidate_new_not_adopted","backend/tests/Phase06FinanceArchitectureTest.php"
"candidate_new_not_adopted","backend/tests/Phase08DatabaseErrorBoundaryTest.php"
"candidate_new_not_adopted","backend/tests/Phase08ReleaseObservabilityWiringTest.php"
"adopted_exact","backend/tests/PlansModuleWiringTest.php"
"candidate_new_not_adopted","backend/tests/PostPhase08DeployWiringTest.php"
"candidate_new_not_adopted","backend/tests/PrivateIngestionSecurityTest.php"
"candidate_removal_rejected","backend/tests/PrivateQuestionIngestionWiringTest.php"
"selectively_merged_or_diverged","backend/tests/ProductionLogAuditWiringTest.php"
"identical_all","backend/tests/ProductionPreflightBehaviorTest.php"
"selectively_merged_or_diverged","backend/tests/ProductionPreflightWiringTest.php"
"adopted_exact","backend/tests/ProductionReadinessSuiteWiringTest.php"
"adopted_exact","backend/tests/ProductionSmokeWiringTest.php"
"candidate_removal_rejected","backend/tests/QuestionAnswerEvaluatorTest.php"
"candidate_change_rejected","backend/tests/QuestionAnswerPayloadTrustBoundaryTest.php"
"candidate_new_not_adopted","backend/tests/QuestionBulkImportTraceWiringTest.php"
"candidate_new_not_adopted","backend/tests/QuestionCanonicalAnswerKeyWiringTest.php"
"candidate_removal_rejected","backend/tests/QuestionCanonicalContractValidatorTest.php"
"candidate_new_not_adopted","backend/tests/QuestionEditorialFeedbackArchitectureTest.php"
"current_new_only","backend/tests/QuestionEditorialFeedbackWiringTest.php"
"candidate_removal_rejected","backend/tests/QuestionOwnershipPolicyTest.php"
"candidate_change_rejected","backend/tests/QuestionPublicOutputPolicyTest.php"
"candidate_new_not_adopted","backend/tests/QuestionPublicPageCacheTest.php"
"candidate_new_not_adopted","backend/tests/QuestionScaleReadPathWiringTest.php"
"selectively_merged_or_diverged","backend/tests/QuestionsModuleWiringTest.php"
"candidate_removal_rejected","backend/tests/QuestionsPhase04WiringTest.php"
"candidate_new_not_adopted","backend/tests/QuestionV2ContractWiringTest.php"
"candidate_new_not_adopted","backend/tests/RankingOwnershipWiringTest.php"
"selectively_merged_or_diverged","backend/tests/RankingsModuleWiringTest.php"
"candidate_change_rejected","backend/tests/RateLimiterHardeningWiringTest.php"
"selectively_merged_or_diverged","backend/tests/ReportsModuleWiringTest.php"
"candidate_new_not_adopted","backend/tests/RequestRuntimeDdlBoundaryTest.php"
"candidate_new_not_adopted","backend/tests/RuntimeDdlBoundaryTest.php"
"candidate_new_not_adopted","backend/tests/RuntimeSchemaIntrospectionBoundaryTest.php"
"current_changed_candidate_removed","backend/tests/RuntimeSchemaReadinessWiringTest.php"
"adopted_exact","backend/tests/SecurityHeadersWiringTest.php"
"candidate_new_not_adopted","backend/tests/SessionAndSelfRoutesWiringTest.php"
"adopted_exact","backend/tests/SettingsModuleWiringTest.php"
"adopted_exact","backend/tests/SetupInstallerWiringTest.php"
"selectively_merged_or_diverged","backend/tests/SharedAuthInfrastructureWiringTest.php"
"candidate_new_not_adopted","backend/tests/SharedHttpContractTest.php"
"candidate_change_rejected","backend/tests/SharedHttpWiringTest.php"
"candidate_change_rejected","backend/tests/SharedModuleDependenciesWiringTest.php"
"candidate_change_rejected","backend/tests/SharedUtilsSecurityWiringTest.php"
"candidate_removal_rejected","backend/tests/SignedKeysetCursorTest.php"
"selectively_merged_or_diverged","backend/tests/SimulationsModuleWiringTest.php"
"selectively_merged_or_diverged","backend/tests/SocialAuthProfileCompletionWiringTest.php"
"selectively_merged_or_diverged","backend/tests/SocialAuthProvidersWiringTest.php"
"adopted_exact","backend/tests/SocialGamificationWiringTest.php"
"identical_all","backend/tests/StaffNotificationAccessWiringTest.php"
"selectively_merged_or_diverged","backend/tests/StagingHomologationGateWiringTest.php"
"selectively_merged_or_diverged","backend/tests/StatisticsModuleWiringTest.php"
"current_new_only","backend/tests/StripeBasilInvoicePaymentSupportTest.php"
"adopted_exact","backend/tests/StripeConfigurationWiringTest.php"
"candidate_change_rejected","backend/tests/StripePaymentApprovalValidatorTest.php"
"selectively_merged_or_diverged","backend/tests/StripeSubscriptionBillingTermTest.php"
"selectively_merged_or_diverged","backend/tests/StudyScheduleModuleWiringTest.php"
"selectively_merged_or_diverged","backend/tests/SubscriptionsCheckoutWiringTest.php"
"candidate_change_rejected","backend/tests/SubscriptionsCronWiringTest.php"
"selectively_merged_or_diverged","backend/tests/SubscriptionsNotificationsWiringTest.php"
"selectively_merged_or_diverged","backend/tests/SubscriptionsPlanSyncWiringTest.php"
"candidate_change_rejected","backend/tests/SubscriptionsRenewalReminderPolicyTest.php"
"selectively_merged_or_diverged","backend/tests/SubscriptionsStripeReconciliationWiringTest.php"
"identical_all","backend/tests/SubscriptionsTermDebtBehaviorTest.php"
"selectively_merged_or_diverged","backend/tests/support/BillingStripeValidationSupport.php"
"candidate_new_not_adopted","backend/tests/TransactionsAuthorizationBoundaryTest.php"
"candidate_change_rejected","backend/tests/TransactionsRefundImmediateCancellationWiringTest.php"
"candidate_change_rejected","backend/tests/TransactionsRefundSupportWiringTest.php"
"candidate_change_rejected","backend/tests/TransactionsStringIdRefundValidationTest.php"
"adopted_exact","backend/tests/UploadSecurityWiringTest.php"
"candidate_removal_rejected","backend/tests/UserActivityKeysetPaginationWiringTest.php"
"candidate_change_rejected","backend/tests/UsersCardsStripeMirrorUpsertTest.php"
"selectively_merged_or_diverged","backend/tests/UsersModuleWiringTest.php"
"selectively_merged_or_diverged","backend/tests/VpsOperationsGateWiringTest.php"
"candidate_new_adopted_exact","backend/uploads/.gitkeep"
"candidate_new_adopted_exact","backend/uploads/.htaccess"
"candidate_new_selectively_merged","backend/uploads/materials/.htaccess"
"candidate_change_rejected","config/deploy/cron.concursomestre.example"
"identical_all","config/deploy/logrotate.concursomestre.example"
"candidate_change_rejected","config/deploy/nginx.concursomestre.conf.example"
"candidate_change_rejected","config/deploy/README.md"
"candidate_new_not_adopted","config/deploy/release-deploy.env.example"
"candidate_change_rejected","config/deploy/systemd.concursomestre-web.service.example"
"identical_all","config/platform/android.json"
"identical_all","config/platform/base.json"
"identical_all","config/platform/website.json"
"candidate_new_not_adopted","docs/audit/implementation-20260713.md"
"candidate_new_not_adopted","docs/audit/phase-04-performance-commands.md"
"candidate_new_not_adopted","docs/audit/phase-04-question-scale.md"
"candidate_new_not_adopted","docs/audit/phase-05-database-migrations.md"
"candidate_new_not_adopted","docs/audit/phase-06-finance-webhooks-reconciliation.md"
"candidate_new_not_adopted","docs/audit/phase-08-release-observability.md"
"candidate_new_not_adopted","docs/audit/post-phase-08-release-package-audit.md"
"candidate_removal_rejected","docs/auditoria/fase-01-arquitetura.md"
"candidate_removal_rejected","docs/auditoria/fase-01-hotfix-seguranca-pos-auditoria.md"
"candidate_removal_rejected","docs/auditoria/fase-02-seguranca.md"
"candidate_new_not_adopted","docs/auditoria/fase-02-sessao.md"
"current_changed_candidate_removed","docs/auditoria/fase-02-sessao-requisicoes.md"
"candidate_removal_rejected","docs/auditoria/fase-03-api-questoes-pos-auditoria.md"
"candidate_removal_rejected","docs/auditoria/fase-03-banco.md"
"candidate_change_rejected","docs/auditoria/fase-04-questoes.md"
"candidate_new_not_adopted","docs/auditoria/fase-05-banco.md"
"candidate_removal_rejected","docs/auditoria/fase-05-lei-comentada.md"
"candidate_change_rejected","docs/auditoria/fase-06-financeiro.md"
"candidate_new_not_adopted","docs/auditoria/fase-07-funcionalidades.md"
"candidate_removal_rejected","docs/auditoria/fase-07-marketplace.md"
"candidate_new_not_adopted","docs/auditoria/fase-08-arquitetura.md"
"candidate_removal_rejected","docs/auditoria/fase-08-frontend.md"
"candidate_change_rejected","docs/auditoria/fase-09-performance-seo.md"
"candidate_new_not_adopted","docs/auditoria/implementacao-r5.md"
"candidate_new_not_adopted","docs/auditoria/implementacao-r6-pagamentos.md"
"candidate_new_not_adopted","docs/auditoria/revisao-90-requisitos-r4.md"
"identical_all","docs/base-faq-plataforma.txt"
"candidate_change_rejected","docs/BILLING_E_VALIDACAO.md"
"identical_all","docs/ENCODING_E_TEXTO.md"
"candidate_removal_rejected","docs/examples/lei-comentada-schema.sql"
"candidate_new_not_adopted","docs/finance-accounting-policy.md"
"identical_all","docs/GOOGLE_SEARCH_CONSOLE.md"
"identical_all","docs/history/admin/ADMIN_CONSOLIDADO.md"
"identical_all","docs/history/admin/AUDITORIA_COMPLETA_ADMIN.md"
"identical_all","docs/history/admin/AUDITORIA_FINAL_ADMIN_SEO.md"
"identical_all","docs/history/admin/CORRECOES_ADMIN_APLICADAS.md"
"identical_all","docs/history/admin/CORRECOES_ADMIN_SEO_APLICADAS.md"
"identical_all","docs/history/admin/FUNCIONALIDADES_UTEIS_ADMIN.md"
"identical_all","docs/history/admin/SEO_ADMIN_IMPLEMENTADO.md"
"identical_all","docs/history/admin/VALIDACAO_FINAL_ADMIN.md"
"identical_all","docs/history/admin/VALIDACAO_FINAL_ADMIN_SEO.md"
"identical_all","docs/history/consolidated/ARQUITETURA_CONSOLIDADA.md"
"identical_all","docs/history/LEI_COMENTADA_PERSISTENCE_TRANSITION.md"
"identical_all","docs/history/LEI_COMENTADA_TRANSITION.md"
"identical_all","docs/history/README.md"
"candidate_new_not_adopted","docs/HOMOLOGATION_DEPLOY_RUNBOOK.md"
"identical_all","docs/IMPLEMENTATION_LOG_2026_04_ADMIN_BILLING_LEI_QUESTOES.md"
"identical_all","docs/LEGACY_WEB_INVENTORY.md"
"identical_all","docs/LEI_COMENTADA_ADMIN_ACERVO.md"
"identical_all","docs/MOBILE_TRANSITIONS.md"
"identical_all","docs/NEXT_PLATFORM_CONSOLIDATION.md"
"identical_all","docs/NEXTJS_MIGRATION.md"
"identical_all","docs/PLATFORM_1_0_0_AUDIT_PROGRAM.md"
"identical_all","docs/PRODUCTION_READINESS_AUDIT_PLAN.md"
"candidate_change_rejected","docs/PRODUCTION_RELEASE_RUNBOOK.md"
"identical_all","docs/PRODUTO_E_MODULOS.md"
"identical_all","docs/README.md"
"identical_all","docs/reports/admin-information-architecture-latest.md"
"identical_all","docs/reports/artifacts/hard-refresh-baseline-latest.json"
"identical_all","docs/reports/billing-e2e-report.md"
"identical_all","docs/reports/billing-renewal-check.md"
"identical_all","docs/reports/code-cleanup-audit-latest.md"
"identical_all","docs/reports/documentation-audit-latest.md"
"identical_all","docs/reports/legacy-web-inventory-latest.json"
"identical_all","docs/reports/legacy-web-inventory-latest.summary.md"
"identical_all","docs/reports/legacy-web-typecheck-report-latest.json"
"identical_all","docs/reports/legacy-web-typecheck-report-latest.summary.md"
"identical_all","docs/reports/lei-comentada-architecture.md"
"identical_all","docs/reports/next-root-parity-audit-latest.md"
"identical_all","docs/reports/notification-gamification-rules-latest.md"
"identical_all","docs/reports/payments-audit-matrix-latest.md"
"identical_all","docs/reports/production-42-topics-tracker-latest.md"
"identical_all","docs/reports/production-fix-backlog-latest.md"
"candidate_change_rejected","docs/reports/production-function-matrix-latest.md"
"identical_all","docs/reports/production-go-live-open-items-latest.md"
"candidate_change_rejected","docs/reports/production-readiness-audit-latest.md"
"identical_all","docs/reports/production-removal-candidates-latest.md"
"identical_all","docs/reports/root-cleanup-inventory-latest.md"
"identical_all","docs/reports/security-payments-audit-latest.md"
"identical_all","docs/reports/seo-google-readiness-audit-latest.md"
"identical_all","docs/reports/stripe-customer-cleanup-2026-04-22.md"
"candidate_change_rejected","docs/security/credential-rotation.md"
"candidate_change_rejected","docs/STRIPE_CARD_VAULT_OPERATIONS.md"
"identical_all","docs/STRIPE_CUSTOMER_CANONICALIZATION.md"
"candidate_change_rejected","docs/STRIPE_RENEWAL_PRICING_AND_COLLECTIONS.md"
"identical_all","docs/STRIPE_TESTING_MATRIX_ADMIN.md"
"identical_all","docs/VERCEL_ROOT_TRANSITION.md"
"selectively_merged_or_diverged","eslint.config.mjs"
"candidate_new_not_adopted","local-tools/gran-ingestion/fetch_gran.php"
"candidate_new_not_adopted","local-tools/gran-ingestion/README.md"
"candidate_new_not_adopted","local-tools/gran-ingestion/submit.php"
"identical_all","mobile/.gitignore"
"identical_all","mobile/app.json"
"identical_all","mobile/App.tsx"
"identical_all","mobile/babel.config.js"
"identical_all","mobile/package.json"
"identical_all","mobile/package-lock.json"
"identical_all","mobile/README.md"
"identical_all","mobile/src/components/questions/QuestionCommentsPanel.tsx"
"identical_all","mobile/src/components/questions/QuestionHistoryPanel.tsx"
"identical_all","mobile/src/components/questions/QuestionInsightPanel.tsx"
"identical_all","mobile/src/components/questions/QuestionNotePanel.tsx"
"identical_all","mobile/src/components/questions/QuestionStatsPanel.tsx"
"identical_all","mobile/src/components/ui/PrimaryButton.tsx"
"identical_all","mobile/src/components/ui/TextField.tsx"
"identical_all","mobile/src/navigation/AppNavigator.tsx"
"identical_all","mobile/src/navigation/AuthNavigator.tsx"
"identical_all","mobile/src/navigation/MainTabs.tsx"
"identical_all","mobile/src/navigation/types.ts"
"identical_all","mobile/src/providers/AuthProvider.tsx"
"identical_all","mobile/src/screens/AnnotatedLawsScreen.tsx"
"identical_all","mobile/src/screens/auth/LoginScreen.tsx"
"identical_all","mobile/src/screens/auth/RegisterScreen.tsx"
"identical_all","mobile/src/screens/BankAnalysisScreen.tsx"
"identical_all","mobile/src/screens/ChangelogScreen.tsx"
"identical_all","mobile/src/screens/CheckoutScreen.tsx"
"identical_all","mobile/src/screens/ConcursosScreen.tsx"
"identical_all","mobile/src/screens/DashboardScreen.tsx"
"identical_all","mobile/src/screens/FaqScreen.tsx"
"identical_all","mobile/src/screens/FlashcardsScreen.tsx"
"identical_all","mobile/src/screens/MarketplaceScreen.tsx"
"identical_all","mobile/src/screens/MaterialDetailScreen.tsx"
"identical_all","mobile/src/screens/MaterialReaderScreen.tsx"
"identical_all","mobile/src/screens/ModulePlaceholderScreen.tsx"
"identical_all","mobile/src/screens/NotificationsScreen.tsx"
"identical_all","mobile/src/screens/PerformanceSubjectsScreen.tsx"
"identical_all","mobile/src/screens/PlansScreen.tsx"
"identical_all","mobile/src/screens/ProfileScreen.tsx"
"candidate_change_rejected","mobile/src/screens/QuestionsScreen.tsx"
"identical_all","mobile/src/screens/RankingDetailScreen.tsx"
"identical_all","mobile/src/screens/RankingsScreen.tsx"
"identical_all","mobile/src/screens/SimulationConfigScreen.tsx"
"candidate_change_rejected","mobile/src/screens/SimulationDetailScreen.tsx"
"candidate_change_rejected","mobile/src/screens/SimulationRunScreen.tsx"
"identical_all","mobile/src/screens/SimulationsScreen.tsx"
"identical_all","mobile/src/screens/SupportScreen.tsx"
"identical_all","mobile/src/services/api/client.ts"
"identical_all","mobile/src/services/api/endpoints.ts"
"identical_all","mobile/src/services/api/response.ts"
"identical_all","mobile/src/services/auth/accountService.ts"
"identical_all","mobile/src/services/auth/authFlowService.ts"
"identical_all","mobile/src/services/auth/sessionStore.ts"
"identical_all","mobile/src/services/bank-analysis/bankAnalysisService.ts"
"identical_all","mobile/src/services/billing/cardDisplay.ts"
"identical_all","mobile/src/services/billing/cardsService.ts"
"identical_all","mobile/src/services/changelog/changelogService.ts"
"identical_all","mobile/src/services/comments/commentsService.ts"
"identical_all","mobile/src/services/marketplace/marketplaceService.ts"
"identical_all","mobile/src/services/notifications/notificationService.ts"
"identical_all","mobile/src/services/plans/planDetails.ts"
"identical_all","mobile/src/services/plans/planService.ts"
"identical_all","mobile/src/services/questions/questionNotesService.ts"
"candidate_change_rejected","mobile/src/services/questions/questionService.ts"
"identical_all","mobile/src/services/rankings/rankingsService.ts"
"identical_all","mobile/src/services/simulations/simulationsService.ts"
"identical_all","mobile/src/services/statistics/statisticsService.ts"
"identical_all","mobile/src/services/statistics/studyTimeFormatting.ts"
"identical_all","mobile/src/services/subscriptions/subscriptionsService.ts"
"identical_all","mobile/src/services/support/supportService.ts"
"identical_all","mobile/src/services/system/systemSettingsService.ts"
"identical_all","mobile/src/services/transactions/transactionsService.ts"
"identical_all","mobile/src/theme/colors.ts"
"identical_all","mobile/src/types/auth.ts"
"identical_all","mobile/src/types/bankAnalysis.ts"
"identical_all","mobile/src/types/billing.ts"
"identical_all","mobile/src/types/changelog.ts"
"identical_all","mobile/src/types/comments.ts"
"identical_all","mobile/src/types/materials.ts"
"identical_all","mobile/src/types/notes.ts"
"identical_all","mobile/src/types/notifications.ts"
"identical_all","mobile/src/types/plans.ts"
"candidate_change_rejected","mobile/src/types/questions.ts"
"identical_all","mobile/src/types/rankings.ts"
"identical_all","mobile/src/types/simulation.ts"
"identical_all","mobile/src/types/simulations.ts"
"identical_all","mobile/src/types/statistics.ts"
"identical_all","mobile/src/types/support.ts"
"identical_all","mobile/src/types/system.ts"
"identical_all","mobile/src/types/transactions.ts"
"identical_all","mobile/tsconfig.json"
"candidate_change_rejected","next.config.ts"
"identical_all","next-env.d.ts"
"selectively_merged_or_diverged","package.json"
"selectively_merged_or_diverged","package-lock.json"
"identical_all","postcss.config.mjs"
"identical_all","public/.htaccess"
"identical_all","public/branding/favicon.png"
"identical_all","public/branding/logo-dark.png"
"identical_all","public/branding/logo-full-dark.png"
"identical_all","public/branding/logo-full-light.png"
"identical_all","public/branding/logo-light.png"
"candidate_change_rejected","public/content/motivacoes-diarias.md"
"identical_all","public/landing/legal-commentary-preview.png"
"identical_all","public/landing/questions-preview.png"
"identical_all","public/landing/simulations-preview.png"
"identical_all","public/platform-icons/concurso-mestre.svg"
"identical_all","public/site.webmanifest"
"identical_all","python-extractor/app/__init__.py"
"candidate_change_rejected","python-extractor/app/extractor.py"
"identical_all","python-extractor/app/main.py"
"identical_all","python-extractor/app/models.py"
"identical_all","python-extractor/README.md"
"identical_all","python-extractor/requirements.txt"
"identical_all","python-extractor/tests/test_extractor.py"
"candidate_change_rejected","README.md"
"candidate_new_not_adopted","release-manifest.json"
"identical_all","scripts/checks/apply-standard-file-header.ps1"
"identical_all","scripts/checks/billing-renewal-check.mjs"
"candidate_new_not_adopted","scripts/checks/check-backend-route-boundaries.mjs"
"candidate_new_not_adopted","scripts/checks/check-deploy-automation.mjs"
"identical_all","scripts/checks/check-generated-artifacts.mjs"
"candidate_change_rejected","scripts/checks/check-mojibake.mjs"
"candidate_change_rejected","scripts/checks/check-next-proxy-convention.mjs"
"candidate_new_not_adopted","scripts/checks/check-release-package.mjs"
"candidate_new_not_adopted","scripts/checks/check-source-size-budget.mjs"
"candidate_change_rejected","scripts/checks/check-versioned-secrets.mjs"
"identical_all","scripts/checks/find-locking-process.ps1"
"candidate_change_rejected","scripts/checks/fix-mojibake.mjs"
"identical_all","scripts/checks/fixtures/stripe/charge.refunded.json"
"identical_all","scripts/checks/fixtures/stripe/checkout.session.completed.json"
"identical_all","scripts/checks/fixtures/stripe/customer.subscription.deleted.json"
"identical_all","scripts/checks/fixtures/stripe/customer.subscription.updated.json"
"identical_all","scripts/checks/fixtures/stripe/invoice.paid.json"
"identical_all","scripts/checks/fixtures/stripe/invoice.payment_failed.json"
"identical_all","scripts/checks/hard-refresh-baseline.mjs"
"identical_all","scripts/checks/hard-refresh-budget.mjs"
"identical_all","scripts/checks/output/billing-e2e-report.json"
"identical_all","scripts/checks/output/billing-renewal-check.json"
"candidate_change_rejected","scripts/checks/production-readiness-local.mjs"
"candidate_change_rejected","scripts/checks/release-repositories-status.mjs"
"identical_all","scripts/checks/remove-empty-pages-dir.ps1"
"identical_all","scripts/checks/repair-portuguese-accents.ps1"
"candidate_change_rejected","scripts/checks/run-billing-e2e-validation.mjs"
"candidate_change_rejected","scripts/checks/stripe-webhook-simulator.mjs"
"candidate_change_rejected","scripts/checks/verify-standard-file-header.ps1"
"identical_all","scripts/checks/visual-auth-smoke.mjs"
"candidate_new_not_adopted","scripts/deploy/deploy-release.sh"
"candidate_new_not_adopted","scripts/deploy/lib.sh"
"candidate_new_not_adopted","scripts/deploy/list-releases.sh"
"candidate_new_not_adopted","scripts/deploy/rollback-release.sh"
"candidate_new_not_adopted","scripts/deploy/verify-host.sh"
"candidate_change_rejected","scripts/maintenance/validate-planalto-parser.php"
"candidate_new_not_adopted","scripts/performance/questions-v2.k6.js"
"candidate_new_not_adopted","scripts/release/generate-release-manifest.mjs"
"candidate_new_not_adopted","scripts/release/verify-release-manifest.mjs"
"candidate_change_rejected","scripts/seo/generate-sitemap.mjs"
"identical_all","src/app/_helpers/authAliasRedirect.ts"
"identical_all","src/app/activate/page.tsx"
"identical_all","src/app/activation/page.tsx"
"identical_all","src/app/admin/[tab]/[[...section]]/page.tsx"
"identical_all","src/app/admin/components/dashboard/AdminDashboard.tsx"
"identical_all","src/app/admin/components/database/AdminDatabaseManager.tsx"
"candidate_change_rejected","src/app/admin/components/database/AdminDatabaseModals.tsx"
"candidate_change_rejected","src/app/admin/components/database/AdminDatabaseNavigation.tsx"
"candidate_change_rejected","src/app/admin/components/database/adminDatabaseNavigationConfig.ts"
"candidate_change_rejected","src/app/admin/components/database/AdminDatabaseSections.tsx"
"candidate_change_rejected","src/app/admin/components/database/FiltersManagementSection.tsx"
"identical_all","src/app/admin/components/database/slugify.ts"
"candidate_change_rejected","src/app/admin/components/database/SmartTagSelector.tsx"
"identical_all","src/app/admin/components/database/SortableHeader.tsx"
"candidate_change_rejected","src/app/admin/components/database/TaxonomyModal.tsx"
"identical_all","src/app/admin/components/database/useAdminDatabaseDatasets.ts"
"candidate_change_rejected","src/app/admin/components/database/useAdminDatabaseManagerController.tsx"
"candidate_change_rejected","src/app/admin/components/database/useAdminDatabaseNavigationState.ts"
"candidate_change_rejected","src/app/admin/components/database/useAdminModerationWorkbench.ts"
"candidate_change_rejected","src/app/admin/components/database/useAdminTableSorting.ts"
"candidate_change_rejected","src/app/admin/components/database/useAdminTaxonomyWorkflow.ts"
"identical_all","src/app/admin/components/exams/__tests__/examBankUtils.test.ts"
"identical_all","src/app/admin/components/exams/__tests__/examNoticeExtractor.test.ts"
"identical_all","src/app/admin/components/exams/AdminExamBankSection.tsx"
"candidate_change_rejected","src/app/admin/components/exams/AdminExamEditorPage.tsx"
"identical_all","src/app/admin/components/exams/examBankUtils.ts"
"candidate_change_rejected","src/app/admin/components/exams/examNoticeExtractor.ts"
"candidate_change_rejected","src/app/admin/components/exams/useAdminExamBankWorkflow.ts"
"candidate_change_rejected","src/app/admin/components/finance/AdminFinance.tsx"
"identical_all","src/app/admin/components/finance/AdminFinanceAnalyticsPanel.tsx"
"identical_all","src/app/admin/components/finance/AdminMarketing.tsx"
"identical_all","src/app/admin/components/import/__tests__/examImportParser.test.ts"
"identical_all","src/app/admin/components/import/__tests__/externalAiExamPrompt.test.ts"
"candidate_new_not_adopted","src/app/admin/components/import/AdminGranCrawlerSection.tsx"
"candidate_new_not_adopted","src/app/admin/components/import/adminImportEditorActions.ts"
"candidate_change_rejected","src/app/admin/components/import/AdminImportSection.tsx"
"candidate_new_not_adopted","src/app/admin/components/import/adminImportWorkflowCore.ts"
"candidate_new_not_adopted","src/app/admin/components/import/adminImportWorkflowParsingCore.ts"
"candidate_new_not_adopted","src/app/admin/components/import/adminImportWorkflowPublicationCore.ts"
"identical_all","src/app/admin/components/import/externalAiExamPrompt.ts"
"identical_all","src/app/admin/components/import/pythonExtractorClient.ts"
"candidate_new_not_adopted","src/app/admin/components/import/useAdminImportExtractionRuntime.ts"
"identical_all","src/app/admin/components/import/useAdminImportSettingsBridge.ts"
"selectively_merged_or_diverged","src/app/admin/components/import/useAdminImportWorkflow.ts"
"identical_all","src/app/admin/components/legal-commentary/AdminLegalCommentarySection.tsx"
"identical_all","src/app/admin/components/marketing/AdminLandingPagesManager.tsx"
"identical_all","src/app/admin/components/marketing/AdminMarketingSection.tsx"
"identical_all","src/app/admin/components/marketing/AdminSocialLinksManager.tsx"
"candidate_change_rejected","src/app/admin/components/materials/AdminMaterialsSection.tsx"
"identical_all","src/app/admin/components/materials/BlockedMaterialsSection.tsx"
"candidate_change_rejected","src/app/admin/components/materials/MaterialModerationModal.tsx"
"candidate_change_rejected","src/app/admin/components/materials/useMaterialModerationWorkflow.ts"
"candidate_change_rejected","src/app/admin/components/navigation/AdminNavigationSidebar.tsx"
"identical_all","src/app/admin/components/panel/AdminPanelSection.tsx"
"identical_all","src/app/admin/components/questions/AdminOriginalQuestionGenerationModal.tsx"
"identical_all","src/app/admin/components/questions/AdminQuestionAiGenerationModal.tsx"
"candidate_change_rejected","src/app/admin/components/questions/AdminQuestionEditorPage.tsx"
"candidate_change_rejected","src/app/admin/components/questions/AdminQuestionGroupsSection.tsx"
"candidate_change_rejected","src/app/admin/components/questions/AdminQuestionsSection.tsx"
"candidate_change_rejected","src/app/admin/components/questions/ManualQuestionModal.tsx"
"candidate_change_rejected","src/app/admin/components/questions/questionEditorShared.ts"
"candidate_change_rejected","src/app/admin/components/questions/useAdminManualQuestionEditor.ts"
"candidate_change_rejected","src/app/admin/components/questions/useAdminQuestionsWorkflow.ts"
"candidate_change_rejected","src/app/admin/components/questions/useAdminQuestionWorkbench.ts"
"candidate_change_rejected","src/app/admin/components/questions/useManualQuestionReferenceData.ts"
"candidate_change_rejected","src/app/admin/components/questions/useManualQuestionWorkflow.ts"
"identical_all","src/app/admin/components/rankings/AdminRankingsSection.tsx"
"identical_all","src/app/admin/components/rankings/RankingEditorModal.tsx"
"candidate_change_rejected","src/app/admin/components/rankings/useRankingEditorWorkflow.ts"
"identical_all","src/app/admin/components/reports/__tests__/reportModeration.test.ts"
"candidate_change_rejected","src/app/admin/components/reports/AdminReportsSection.tsx"
"identical_all","src/app/admin/components/reports/reportModeration.ts"
"candidate_new_not_adopted","src/app/admin/components/settings/AdminBrandAssetUpload.tsx"
"identical_all","src/app/admin/components/settings/AdminCacheManagement.tsx"
"candidate_change_rejected","src/app/admin/components/settings/AdminEmailTemplatesSection.tsx"
"identical_all","src/app/admin/components/settings/AdminGamificationSettingsSection.tsx"
"identical_all","src/app/admin/components/settings/AdminNotificationSettingsSection.tsx"
"selectively_merged_or_diverged","src/app/admin/components/settings/AdminSeoSettingsSection.tsx"
"selectively_merged_or_diverged","src/app/admin/components/settings/AdminSettings.tsx"
"identical_all","src/app/admin/components/settings/AdminSettingsTabsBar.tsx"
"identical_all","src/app/admin/components/settings/LogViewer.tsx"
"identical_all","src/app/admin/components/settings/seoSettings.ts"
"identical_all","src/app/admin/components/settings/StripePaymentMethodsSettings.tsx"
"identical_all","src/app/admin/components/shared/__tests__/adminMarketplaceMetrics.test.ts"
"identical_all","src/app/admin/components/shared/AdminCollectionToolbar.tsx"
"candidate_change_rejected","src/app/admin/components/shared/adminMarketplaceMetrics.ts"
"identical_all","src/app/admin/components/shared/AdminPageContent.tsx"
"identical_all","src/app/admin/components/shared/AdminPageHeader.tsx"
"identical_all","src/app/admin/components/shared/adminPanelStyles.ts"
"identical_all","src/app/admin/components/shared/AdminPublishStateBadge.tsx"
"candidate_change_rejected","src/app/admin/components/shared/AdminShellLayout.tsx"
"candidate_change_rejected","src/app/admin/components/shared/AdminStandaloneShell.tsx"
"selectively_merged_or_diverged","src/app/admin/components/shared/AdminTopBar.tsx"
"identical_all","src/app/admin/components/shared/NotificationDropdown.tsx"
"selectively_merged_or_diverged","src/app/admin/components/shared/useAdminPageController.tsx"
"identical_all","src/app/admin/components/support/__tests__/AdminFeedback.test.ts"
"identical_all","src/app/admin/components/support/AdminCommentsModerationSection.tsx"
"identical_all","src/app/admin/components/support/AdminFeedback.tsx"
"candidate_change_rejected","src/app/admin/components/support/AdminSupportSection.tsx"
"identical_all","src/app/admin/components/support/ContextualReportModerationModal.tsx"
"identical_all","src/app/admin/components/ui/AdminConfirmDialog.tsx"
"identical_all","src/app/admin/components/users/AdminUserEditorPage.tsx"
"identical_all","src/app/admin/components/users/AdminUsersSection.tsx"
"candidate_change_rejected","src/app/admin/components/users/useAdminUserProfileWorkflow.ts"
"identical_all","src/app/admin/components/users/userAdminOptions.ts"
"identical_all","src/app/admin/components/users/UserProfileAdminModal.tsx"
"current_new_only","src/app/admin/config/adminLegacyNavigation.ts"
"candidate_change_rejected","src/app/admin/config/adminPageNavigationConfig.ts"
"identical_all","src/app/admin/layout.tsx"
"candidate_change_rejected","src/app/admin/operation/exams/[examId]/edit/page.tsx"
"candidate_new_not_adopted","src/app/admin/operation/lei-comentada/[lawId]/edit/lawEditorCore.tsx"
"candidate_change_rejected","src/app/admin/operation/lei-comentada/[lawId]/edit/page.tsx"
"identical_all","src/app/admin/operation/lei-comentada/[lawId]/page.tsx"
"identical_all","src/app/admin/operation/lei-comentada/[lawId]/updates/page.tsx"
"identical_all","src/app/admin/operation/marketing/landing-pages/[landingId]/edit/page.tsx"
"identical_all","src/app/admin/operation/questions/[questionId]/edit/page.tsx"
"candidate_change_rejected","src/app/admin/operation/users/[userId]/edit/page.tsx"
"identical_all","src/app/admin/page.tsx"
"identical_all","src/app/ads.txt/route.ts"
"identical_all","src/app/api/lei-comentada/articles/[articleId]/comments/route.ts"
"candidate_change_rejected","src/app/api/seo/sitemap-status/route.ts"
"selectively_merged_or_diverged","src/app/auth/components/Auth.tsx"
"identical_all","src/app/auth/layout.tsx"
"candidate_change_rejected","src/app/auth/page.tsx"
"candidate_change_rejected","src/app/bank-analysis/BankAnalysisPage.tsx"
"identical_all","src/app/bank-analysis/constants.ts"
"identical_all","src/app/bank-analysis/layout.tsx"
"identical_all","src/app/changelog/layout.tsx"
"candidate_change_rejected","src/app/changelog/page.tsx"
"identical_all","src/app/checkout/[planId]/layout.tsx"
"identical_all","src/app/checkout/[planId]/page.tsx"
"candidate_new_selectively_merged","src/app/checkout/cardInstallmentExpiry.test.ts"
"candidate_new_selectively_merged","src/app/checkout/cardInstallmentExpiry.ts"
"candidate_change_rejected","src/app/checkout/CheckoutAdhesionTermsPage.tsx"
"selectively_merged_or_diverged","src/app/checkout/CheckoutPage.tsx"
"identical_all","src/app/checkout/checkoutVisibility.test.ts"
"identical_all","src/app/checkout/checkoutVisibility.ts"
"identical_all","src/app/checkout/components/CheckoutHeader.tsx"
"selectively_merged_or_diverged","src/app/checkout/components/CheckoutPaymentStage.tsx"
"candidate_change_rejected","src/app/checkout/components/CheckoutPlanSummary.tsx"
"identical_all","src/app/checkout/components/CheckoutStepTracker.tsx"
"candidate_change_rejected","src/app/checkout/components/CheckoutStripePaymentMethodPanel.tsx"
"candidate_change_rejected","src/app/checkout/components/CheckoutSummarySidebar.tsx"
"identical_all","src/app/checkout/components/StripeCardElementForm.tsx"
"identical_all","src/app/checkout/components/StripeSavedCardCvcForm.tsx"
"identical_all","src/app/checkout/constants.ts"
"candidate_change_rejected","src/app/checkout/hooks/useCheckoutSummaryAction.ts"
"identical_all","src/app/checkout/termos-de-adesao/layout.tsx"
"identical_all","src/app/checkout/termos-de-adesao/page.tsx"
"identical_all","src/app/checkout/types.ts"
"identical_all","src/app/concursos/layout.tsx"
"identical_all","src/app/concursos/page.tsx"
"identical_all","src/app/confirm/page.tsx"
"identical_all","src/app/confirm-email/layout.tsx"
"candidate_change_rejected","src/app/confirm-email/page.tsx"
"identical_all","src/app/cronograma/layout.tsx"
"candidate_change_rejected","src/app/cronograma/page.tsx"
"candidate_removal_rejected","src/app/dashboard/__tests__/dashboardInitialActivityRequests.test.ts"
"candidate_change_rejected","src/app/dashboard/DashboardPage.tsx"
"identical_all","src/app/dashboard/layout.tsx"
"identical_all","src/app/dashboard/page.tsx"
"identical_all","src/app/elite/layout.tsx"
"identical_all","src/app/elite/page.tsx"
"identical_all","src/app/faq/layout.tsx"
"candidate_change_rejected","src/app/faq/page.tsx"
"identical_all","src/app/flashcards/layout.tsx"
"identical_all","src/app/flashcards/page.tsx"
"identical_all","src/app/forgot-password/page.tsx"
"candidate_change_rejected","src/app/globals.css"
"identical_all","src/app/HomePageClient.tsx"
"identical_all","src/app/l/[slug]/page.tsx"
"identical_all","src/app/l/layout.tsx"
"identical_all","src/app/landing/components/__tests__/ThemeOrnaments.test.tsx"
"candidate_change_rejected","src/app/landing/components/LandingCommercialPage.tsx"
"identical_all","src/app/landing/components/LandingSectionHeader.tsx"
"identical_all","src/app/landing/components/ThemeOrnaments.tsx"
"identical_all","src/app/landing/homepageContent.ts"
"identical_all","src/app/landing/landingContent.ts"
"identical_all","src/app/landing/LandingPage.tsx"
"identical_all","src/app/landing-campaign/LandingCampaignPage.tsx"
"candidate_change_rejected","src/app/layout.tsx"
"candidate_new_not_adopted","src/app/lei-comentada/[slug]/legalReaderCore.tsx"
"candidate_change_rejected","src/app/lei-comentada/[slug]/loading.tsx"
"candidate_change_rejected","src/app/lei-comentada/[slug]/page.tsx"
"identical_all","src/app/lei-comentada/layout.tsx"
"candidate_change_rejected","src/app/lei-comentada/page.tsx"
"identical_all","src/app/levels/page.tsx"
"identical_all","src/app/marketplace/components/PaymentModal.tsx"
"identical_all","src/app/marketplace/layout.tsx"
"candidate_change_rejected","src/app/marketplace/page.tsx"
"identical_all","src/app/material/[id]/[[...slug]]/page.tsx"
"identical_all","src/app/material/layout.tsx"
"identical_all","src/app/material/MaterialPublicPage.tsx"
"identical_all","src/app/notifications/layout.tsx"
"candidate_change_rejected","src/app/notifications/page.tsx"
"identical_all","src/app/page.tsx"
"identical_all","src/app/partner-dashboard/layout.tsx"
"candidate_change_rejected","src/app/partner-dashboard/page.tsx"
"identical_all","src/app/performance/layout.tsx"
"identical_all","src/app/performance/subjects/page.tsx"
"identical_all","src/app/performance-subjects/PerformanceSubjectsPage.tsx"
"candidate_change_rejected","src/app/planos/components/MarketingPlansLandingPage.tsx"
"identical_all","src/app/planos/hooks/useMarketingPlansLanding.ts"
"identical_all","src/app/planos/layout.tsx"
"identical_all","src/app/planos/page.tsx"
"identical_all","src/app/plans/components/PlanCard.tsx"
"identical_all","src/app/plans/layout.tsx"
"candidate_change_rejected","src/app/plans/page.tsx"
"identical_all","src/app/practice/layout.tsx"
"candidate_change_rejected","src/app/practice/page.tsx"
"identical_all","src/app/privacy/layout.tsx"
"candidate_change_rejected","src/app/privacy/page.tsx"
"identical_all","src/app/profile/[tab]/page.tsx"
"identical_all","src/app/profile/components/__tests__/subscriptionDateUtils.test.ts"
"identical_all","src/app/profile/components/StripeSetupCardForm.tsx"
"identical_all","src/app/profile/components/subscriptionDateUtils.ts"
"identical_all","src/app/profile/layout.tsx"
"identical_all","src/app/profile/page.tsx"
"candidate_new_not_adopted","src/app/profile/profileBillingFormatters.ts"
"candidate_new_not_adopted","src/app/profile/profileCore.tsx"
"identical_all","src/app/profile/profileNavigation.ts"
"candidate_change_rejected","src/app/profile/ProfilePage.tsx"
"identical_all","src/app/promo/[slug]/page.tsx"
"identical_all","src/app/promo/layout.tsx"
"candidate_change_rejected","src/app/promo/PromoPage.tsx"
"candidate_change_rejected","src/app/question/[id]/[[...slug]]/page.tsx"
"identical_all","src/app/question/layout.tsx"
"candidate_change_rejected","src/app/question/QuestionPublicPage.tsx"
"candidate_change_rejected","src/app/question/questionSeo.ts"
"candidate_change_rejected","src/app/questions/components/QuestionCard.tsx"
"identical_all","src/app/questions/page.tsx"
"identical_all","src/app/ranking/[id]/[[...slug]]/page.tsx"
"identical_all","src/app/ranking/layout.tsx"
"candidate_change_rejected","src/app/ranking/page.tsx"
"identical_all","src/app/ranking-detail/RankingDetailPage.tsx"
"identical_all","src/app/read/[id]/page.tsx"
"identical_all","src/app/read/layout.tsx"
"candidate_change_rejected","src/app/reader/ReaderPage.tsx"
"identical_all","src/app/recover/page.tsx"
"identical_all","src/app/reset/page.tsx"
"identical_all","src/app/reset-password/layout.tsx"
"candidate_change_rejected","src/app/reset-password/page.tsx"
"candidate_change_rejected","src/app/robots.ts"
"identical_all","src/app/seoMetadata.ts"
"identical_all","src/app/setup/page.tsx"
"identical_all","src/app/simulation/layout.tsx"
"candidate_change_rejected","src/app/simulation/page.tsx"
"candidate_removal_rejected","src/app/sitemap.ts"
"candidate_new_not_adopted","src/app/sitemap.xml/route.ts"
"candidate_removal_rejected","src/app/sitemap-index.xml/route.ts"
"candidate_removal_rejected","src/app/sitemaps/[kind]/[page]/route.ts"
"candidate_change_rejected","src/app/subscription/[status]/page.tsx"
"identical_all","src/app/subscription/layout.tsx"
"identical_all","src/app/support/layout.tsx"
"identical_all","src/app/support/page.tsx"
"identical_all","src/app/terms/layout.tsx"
"candidate_change_rejected","src/app/terms/page.tsx"
"identical_all","src/app/verify-email/page.tsx"
"identical_all","src/app/x-ray/layout.tsx"
"identical_all","src/app/x-ray/page.tsx"
"identical_all","src/assets/site/concurso-mestre-platform.svg"
"identical_all","src/components/__tests__/PageTransition.test.tsx"
"identical_all","src/components/GlobalLoader.tsx"
"identical_all","src/components/PageTransition.tsx"
"identical_all","src/components/shared/charts/__tests__/StableResponsiveContainer.test.tsx"
"identical_all","src/components/shared/charts/StableResponsiveContainer.tsx"
"identical_all","src/components/shared/feedback/AdBanner.tsx"
"identical_all","src/components/shared/feedback/AdNavigationPopController.tsx"
"identical_all","src/components/shared/feedback/AdsenseVerificationMeta.tsx"
"candidate_change_rejected","src/components/shared/feedback/BetaFeaturePage.tsx"
"candidate_change_rejected","src/components/shared/feedback/CommentsSection.tsx"
"candidate_change_rejected","src/components/shared/feedback/debug/DebugBanner.tsx"
"identical_all","src/components/shared/feedback/DevModeBanner.tsx"
"identical_all","src/components/shared/feedback/GlobalPaymentIssueBanner.tsx"
"identical_all","src/components/shared/feedback/ModuleAccessFallback.tsx"
"identical_all","src/components/shared/feedback/PromoBanner.tsx"
"identical_all","src/components/shared/feedback/StudySessionWidget.tsx"
"identical_all","src/components/shared/layout/BrandLogo.tsx"
"identical_all","src/components/shared/layout/DashboardSidebar.tsx"
"identical_all","src/components/shared/layout/Footer.tsx"
"selectively_merged_or_diverged","src/components/shared/layout/Layout.tsx"
"identical_all","src/components/shared/layout/LogoutConfirmButton.tsx"
"identical_all","src/components/shared/layout/PublicBrandLink.tsx"
"identical_all","src/components/shared/marketing/LimitedOfferCountdown.tsx"
"identical_all","src/components/shared/math/MathRichText.tsx"
"identical_all","src/components/shared/overlays/AuthModal.tsx"
"identical_all","src/components/shared/overlays/ConfirmModal.tsx"
"candidate_change_rejected","src/components/shared/overlays/PdfViewer.tsx"
"identical_all","src/components/shared/overlays/SuccessModal.tsx"
"identical_all","src/components/shared/overlays/UpgradeModal.tsx"
"candidate_change_rejected","src/components/shared/ui/AdPlaceholder.tsx"
"identical_all","src/components/shared/ui/ProgressBar.tsx"
"identical_all","src/components/shared/ui/RichTextEditor.tsx"
"identical_all","src/config/__tests__/googleAuth.test.ts"
"identical_all","src/config/__tests__/securityHeaders.test.ts"
"identical_all","src/config/__tests__/siteUrl.test.ts"
"identical_all","src/config/googleAuth.ts"
"identical_all","src/config/platform.ts"
"identical_all","src/config/securityHeaders.ts"
"identical_all","src/config/siteUrl.ts"
"identical_all","src/constants/email/defaultEmailTemplates.ts"
"identical_all","src/constants/gamificationNotificationSettings.ts"
"identical_all","src/constants/index.ts"
"identical_all","src/constants/layout.ts"
"identical_all","src/constants/legal-commentary/featureAccess.ts"
"identical_all","src/constants/subscriptions/planEntitlements.ts"
"identical_all","src/constants/themes/ano-novo.ts"
"identical_all","src/constants/themes/black-friday.ts"
"identical_all","src/constants/themes/black-november.ts"
"identical_all","src/constants/themes/carnaval.ts"
"identical_all","src/constants/themes/consumidor.ts"
"identical_all","src/constants/themes/default.ts"
"identical_all","src/constants/themes/estudante.ts"
"identical_all","src/constants/themes/index.ts"
"identical_all","src/constants/themes/pascoa.ts"
"identical_all","src/constants/themes/sao-joao.ts"
"identical_all","src/constants/themes/types.ts"
"identical_all","src/providers/AppConfigProvider.tsx"
"identical_all","src/providers/AppProviders.tsx"
"selectively_merged_or_diverged","src/providers/AuthProvider.tsx"
"candidate_change_rejected","src/providers/MarketplaceProvider.tsx"
"identical_all","src/providers/ModalProvider.tsx"
"identical_all","src/providers/NavigationProgressProvider.tsx"
"identical_all","src/providers/NextAppProviders.tsx"
"selectively_merged_or_diverged","src/providers/NextRouteFrame.tsx"
"candidate_change_rejected","src/providers/NotificationsProvider.tsx"
"identical_all","src/providers/PlatformMetadataProvider.tsx"
"identical_all","src/providers/QueryProvider.tsx"
"identical_all","src/providers/SetupGate.tsx"
"candidate_change_rejected","src/providers/StudyTrackerProvider.tsx"
"identical_all","src/providers/ThemeProvider.tsx"
"candidate_change_rejected","src/providers/ToastProvider.tsx"
"candidate_change_rejected","src/proxy.ts"
"candidate_change_rejected","src/services/admin/__tests__/adminArchitecture.test.ts"
"identical_all","src/services/admin/__tests__/adminRouting.test.ts"
"identical_all","src/services/admin/__tests__/adminService.test.ts"
"candidate_new_not_adopted","src/services/admin/adminService.normalizers.ts"
"candidate_change_rejected","src/services/admin/adminService.ts"
"candidate_new_not_adopted","src/services/admin/adminService.types.ts"
"identical_all","src/services/ads/__tests__/adsTxt.test.ts"
"identical_all","src/services/ads/adService.ts"
"identical_all","src/services/ads/adsTxt.ts"
"identical_all","src/services/analytics/analyticsTrackingService.ts"
"identical_all","src/services/api/__tests__/response.test.ts"
"candidate_removal_rejected","src/services/api/__tests__/visibilityPolling.test.ts"
"identical_all","src/services/api/baseUrl.ts"
"candidate_change_rejected","src/services/api/client.ts"
"selectively_merged_or_diverged","src/services/api/endpoints.ts"
"candidate_change_rejected","src/services/api/index.ts"
"candidate_change_rejected","src/services/api/interceptors.ts"
"identical_all","src/services/api/requestCoalescer.ts"
"identical_all","src/services/api/response.ts"
"identical_all","src/services/api/types.ts"
"candidate_removal_rejected","src/services/api/visibilityPolling.ts"
"identical_all","src/services/auth/__tests__/accountService.test.ts"
"candidate_removal_rejected","src/services/auth/__tests__/adminRouteAccess.test.ts"
"selectively_merged_or_diverged","src/services/auth/__tests__/authFlowService.test.ts"
"identical_all","src/services/auth/__tests__/canonicalAuthRedirect.test.ts"
"candidate_new_not_adopted","src/services/auth/__tests__/crossTabCredentialBoundary.test.ts"
"selectively_merged_or_diverged","src/services/auth/__tests__/session.test.ts"
"selectively_merged_or_diverged","src/services/auth/__tests__/userAccess.test.ts"
"identical_all","src/services/auth/accountService.ts"
"candidate_change_rejected","src/services/auth/adminRouteAccess.ts"
"selectively_merged_or_diverged","src/services/auth/authFlowService.ts"
"identical_all","src/services/auth/canonicalAuthRedirect.ts"
"identical_all","src/services/auth/index.ts"
"identical_all","src/services/auth/reputationService.ts"
"selectively_merged_or_diverged","src/services/auth/session.ts"
"identical_all","src/services/auth/sessionExpiredNotice.ts"
"selectively_merged_or_diverged","src/services/auth/userAccess.ts"
"identical_all","src/services/bank-analysis/__tests__/bankAnalysisService.test.ts"
"identical_all","src/services/bank-analysis/bankAnalysisService.ts"
"identical_all","src/services/bank-analysis/index.ts"
"identical_all","src/services/bank-analysis/types.ts"
"candidate_change_rejected","src/services/billing/__tests__/cardsService.test.ts"
"selectively_merged_or_diverged","src/services/billing/__tests__/paymentIssue.test.ts"
"candidate_new_not_adopted","src/services/billing/__tests__/paymentRecoveryUi.test.ts"
"current_new_only","src/services/billing/__tests__/paymentStatus.test.ts"
"identical_all","src/services/billing/cardDisplay.ts"
"selectively_merged_or_diverged","src/services/billing/cardsService.ts"
"identical_all","src/services/billing/index.ts"
"selectively_merged_or_diverged","src/services/billing/paymentIssue.ts"
"current_new_only","src/services/billing/paymentStatus.ts"
"identical_all","src/services/changelog/__tests__/changelogService.test.ts"
"identical_all","src/services/changelog/changelogService.ts"
"identical_all","src/services/changelog/index.ts"
"candidate_change_rejected","src/services/comments/__tests__/commentsService.test.ts"
"candidate_change_rejected","src/services/comments/commentsService.ts"
"identical_all","src/services/comments/index.ts"
"identical_all","src/services/dashboard/__tests__/dashboardInsightsService.test.ts"
"identical_all","src/services/dashboard/dailyMotivationContentService.ts"
"identical_all","src/services/dashboard/dashboardInsightsService.ts"
"identical_all","src/services/dashboard/studyStreakService.ts"
"identical_all","src/services/exams/examService.ts"
"identical_all","src/services/filters/__tests__/filters.test.ts"
"candidate_change_rejected","src/services/filters/index.ts"
"identical_all","src/services/legal-commentary/index.ts"
"candidate_change_rejected","src/services/legal-commentary/legalCommentaryApiService.ts"
"candidate_new_not_adopted","src/services/legal-commentary/legalCommentaryNotes.ts"
"candidate_new_not_adopted","src/services/legal-commentary/legalHighlights.ts"
"identical_all","src/services/legal-commentary/legalReadingPreferences.ts"
"identical_all","src/services/marketing/__tests__/homeTestimonials.test.ts"
"identical_all","src/services/marketing/__tests__/landingPages.test.ts"
"identical_all","src/services/marketing/__tests__/landingPageSeo.test.ts"
"identical_all","src/services/marketing/__tests__/promotionCampaign.test.ts"
"identical_all","src/services/marketing/__tests__/promotionSeo.test.ts"
"identical_all","src/services/marketing/homeTestimonials.ts"
"adopted_exact","src/services/marketing/landingPages.ts"
"identical_all","src/services/marketing/landingPageSeo.ts"
"identical_all","src/services/marketing/promotionCampaign.ts"
"identical_all","src/services/marketing/promotionSeo.ts"
"candidate_change_rejected","src/services/marketplace/__tests__/marketplaceService.test.ts"
"identical_all","src/services/marketplace/index.ts"
"candidate_change_rejected","src/services/marketplace/marketplaceService.ts"
"candidate_change_rejected","src/services/materials/__tests__/readerService.test.ts"
"identical_all","src/services/materials/index.ts"
"candidate_change_rejected","src/services/materials/readerService.ts"
"identical_all","src/services/monitoring/clientLog.ts"
"candidate_change_rejected","src/services/notifications/__tests__/notificationService.test.ts"
"identical_all","src/services/notifications/index.ts"
"candidate_change_rejected","src/services/notifications/notificationService.ts"
"identical_all","src/services/offers/useLimitedOfferCountdown.ts"
"identical_all","src/services/payments/__tests__/paymentsService.test.ts"
"identical_all","src/services/payments/index.ts"
"identical_all","src/services/payments/paymentsService.ts"
"identical_all","src/services/payments/stripePaymentMethodsConfig.ts"
"identical_all","src/services/plans/__tests__/planAccess.test.ts"
"identical_all","src/services/plans/__tests__/planAutoCoupon.test.ts"
"identical_all","src/services/plans/clientUsageQuota.ts"
"identical_all","src/services/plans/index.ts"
"candidate_change_rejected","src/services/plans/planAccess.ts"
"identical_all","src/services/plans/planAutoCoupon.ts"
"selectively_merged_or_diverged","src/services/plans/planOffer.ts"
"identical_all","src/services/plans/planService.ts"
"identical_all","src/services/plans/proRatedCredit.ts"
"identical_all","src/services/profile/__tests__/profileService.test.ts"
"identical_all","src/services/profile/index.ts"
"identical_all","src/services/profile/profileService.ts"
"candidate_change_rejected","src/services/progress/__tests__/userProgressService.test.ts"
"candidate_change_rejected","src/services/progress/index.ts"
"candidate_change_rejected","src/services/progress/userProgressService.ts"
"identical_all","src/services/questions/__tests__/questionFlags.test.ts"
"identical_all","src/services/questions/__tests__/questionHtmlSanitizer.test.ts"
"candidate_change_rejected","src/services/questions/__tests__/questionService.test.ts"
"identical_all","src/services/questions/aiService.ts"
"candidate_new_not_adopted","src/services/questions/contracts.ts"
"candidate_change_rejected","src/services/questions/index.ts"
"identical_all","src/services/questions/questionFlags.ts"
"identical_all","src/services/questions/questionHtmlSanitizer.ts"
"identical_all","src/services/questions/questionPublication.ts"
"candidate_change_rejected","src/services/questions/questionService.ts"
"identical_all","src/services/rankings/__tests__/rankingsService.test.ts"
"identical_all","src/services/rankings/index.ts"
"identical_all","src/services/rankings/rankingsService.ts"
"identical_all","src/services/reports/__tests__/reportsService.test.ts"
"identical_all","src/services/reports/index.ts"
"identical_all","src/services/reports/reportsService.ts"
"candidate_change_rejected","src/services/seo/__tests__/privateSeo.test.ts"
"identical_all","src/services/seo/documentSeo.ts"
"identical_all","src/services/seo/index.ts"
"candidate_change_rejected","src/services/seo/seoService.ts"
"candidate_change_rejected","src/services/seo/sitemapData.ts"
"identical_all","src/services/seo/slug.ts"
"identical_all","src/services/setup/setupService.ts"
"candidate_change_rejected","src/services/simulations/__tests__/simulationsService.test.ts"
"identical_all","src/services/simulations/index.ts"
"candidate_change_rejected","src/services/simulations/simulationsService.ts"
"candidate_change_rejected","src/services/statistics/__tests__/statisticsService.test.ts"
"identical_all","src/services/statistics/index.ts"
"candidate_change_rejected","src/services/statistics/statisticsService.ts"
"identical_all","src/services/statistics/studyTimeFormatting.ts"
"identical_all","src/services/statistics/studyTrackerStore.ts"
"identical_all","src/services/statistics/types.ts"
"identical_all","src/services/study-schedule/index.ts"
"identical_all","src/services/study-schedule/studyScheduleService.ts"
"identical_all","src/services/subscriptions/__tests__/subscriptionsService.test.ts"
"identical_all","src/services/subscriptions/index.ts"
"identical_all","src/services/subscriptions/subscriptionsService.ts"
"identical_all","src/services/support/__tests__/supportService.test.ts"
"identical_all","src/services/support/index.ts"
"identical_all","src/services/support/supportPresentation.ts"
"identical_all","src/services/support/supportReasonLabels.ts"
"identical_all","src/services/support/supportService.ts"
"identical_all","src/services/system/__tests__/moduleFlags.test.ts"
"identical_all","src/services/system/moduleFlags.ts"
"identical_all","src/services/system/useRecaptchaV3.ts"
"candidate_change_rejected","src/services/transactions/__tests__/transactionsService.test.ts"
"identical_all","src/services/transactions/index.ts"
"candidate_change_rejected","src/services/transactions/transactionsService.ts"
"identical_all","src/state/admin-data/adminDataQuery.ts"
"identical_all","src/state/admin-data/adminDataStore.ts"
"identical_all","src/state/admin-data/useAdminDataActions.ts"
"identical_all","src/state/app-config/__tests__/systemSettings.test.ts"
"identical_all","src/state/app-config/appConfigQuery.ts"
"identical_all","src/state/app-config/appConfigStore.ts"
"candidate_change_rejected","src/state/app-config/systemSettings.ts"
"identical_all","src/state/app-config/useSystemSettingsActions.ts"
"identical_all","src/state/app-config/useTaxonomyActions.ts"
"identical_all","src/state/navigation-progress/navigationProgressStore.ts"
"candidate_change_rejected","src/state/notifications/notificationsQuery.ts"
"identical_all","src/state/notifications/notificationsStore.ts"
"identical_all","src/state/notifications/useNotificationsActions.ts"
"identical_all","src/state/query/queryClient.ts"
"candidate_change_rejected","src/state/question-bank/questionBankQuery.ts"
"candidate_change_rejected","src/state/question-bank/questionBankStore.ts"
"candidate_change_rejected","src/state/question-bank/useQuestionBankActions.ts"
"candidate_change_rejected","src/state/user-progress/userProgressQuery.ts"
"candidate_change_rejected","src/state/user-progress/userProgressStore.ts"
"candidate_change_rejected","src/state/user-progress/useUserProgressActions.ts"
"selectively_merged_or_diverged","src/types/global.ts"
"identical_all","src/types/index.ts"
"identical_all","src/types/legalCommentary.ts"
"identical_all","src/utils/helpers/DebugLogger.ts"
"candidate_removal_rejected","tools/local-question-crawler/ingest_client.py"
"candidate_removal_rejected","tools/local-question-crawler/README.md"
"candidate_change_rejected","tsconfig.json"
"candidate_new_not_adopted","tsconfig.strict.json"
"candidate_new_not_adopted","tsconfig.unchecked.json"
"identical_all","vercel.json"
"adopted_exact","vitest.config.ts"
